tienda_id,centro_distribucion,ciudad,producto_id,producto,categoria,stock_actual,ventas_promedio_mensual,stock_minimo,precio_costo,precio_venta
T01,CD-Lima,Lima,P001,Refrigeradora LG 340L,Línea Blanca,4,13.42,3,1932.38,2683.86
T01,CD-Lima,Lima,P002,Refrigeradora Samsung 450L,Línea Blanca,7,14.17,3,2799.88,3888.72
T01,CD-Lima,Lima,P003,Refrigeradora Bosch 280L,Línea Blanca,15,13.08,3,2491.98,3461.09
T01,CD-Lima,Lima,P004,Lavadora LG 15kg,Línea Blanca,25,13.83,3,2478.23,3441.98
T01,CD-Lima,Lima,P005,Lavadora Samsung 18kg,Línea Blanca,13,7.42,1,1363.49,1893.74
T01,CD-Lima,Lima,P006,Lavadora Whirlpool 14kg,Línea Blanca,3,14.25,3,1461.59,2029.99
T01,CD-Lima,Lima,P007,Secadora Electrolux 10kg,Línea Blanca,24,13.25,3,3192.27,4433.71
T01,CD-Lima,Lima,P008,Cocina a gas Indurama 4H,Línea Blanca,24,10.5,2,3072.06,4266.75
T01,CD-Lima,Lima,P009,Cocina eléctrica Mabe 4H,Línea Blanca,1,11.0,2,2777.0,3856.95
T01,CD-Lima,Lima,P010,Campana extractora Bosch,Línea Blanca,9,9.42,2,3239.19,4498.87
T01,CD-Lima,Lima,P011,Horno empotrado Electrolux,Línea Blanca,6,10.25,2,2084.28,2894.84
T01,CD-Lima,Lima,P012,Lavaplatos Frigidaire,Línea Blanca,9,9.67,2,1045.34,1451.86
T01,CD-Lima,Lima,P013,Smart TV LG 55,TV y Audio,5,10.42,2,1672.78,2323.3
T01,CD-Lima,Lima,P014,Smart TV Samsung 65,TV y Audio,11,11.08,2,2188.5,3039.59
T01,CD-Lima,Lima,P015,Smart TV Sony 75,TV y Audio,11,9.17,2,1558.08,2164.0
T01,CD-Lima,Lima,P016,Smart TV TCL 50,TV y Audio,2,10.75,2,1950.9,2709.58
T01,CD-Lima,Lima,P017,TV OLED LG 65,TV y Audio,10,8.42,2,2946.51,4092.37
T01,CD-Lima,Lima,P018,Soundbar Samsung 5.1,TV y Audio,6,12.75,3,2536.65,3523.12
T01,CD-Lima,Lima,P019,Soundbar JBL 2.1,TV y Audio,4,15.0,3,2235.96,3105.5
T01,CD-Lima,Lima,P020,Home theater Sony,TV y Audio,2,10.08,2,922.78,1281.64
T01,CD-Lima,Lima,P021,Parlante Bluetooth JBL,TV y Audio,36,17.5,4,2553.01,3545.85
T01,CD-Lima,Lima,P022,Audífonos Sony WH-1000,TV y Audio,15,14.5,3,1727.78,2399.69
T01,CD-Lima,Lima,P023,Barra Bose 900,TV y Audio,3,13.0,3,1867.19,2593.32
T01,CD-Lima,Lima,P024,Receptor AV Yamaha,TV y Audio,21,11.67,2,1811.48,2515.95
T01,CD-Lima,Lima,P025,Licuadora Oster 700W,Pequeños Electrodomésticos,65,49.5,10,403.41,560.29
T01,CD-Lima,Lima,P026,Licuadora Philips 1000W,Pequeños Electrodomésticos,39,35.75,7,351.89,488.73
T01,CD-Lima,Lima,P027,Microondas LG 32L,Pequeños Electrodomésticos,69,46.42,9,126.35,175.49
T01,CD-Lima,Lima,P028,Microondas Panasonic 25L,Pequeños Electrodomésticos,13,50.83,10,356.55,495.21
T01,CD-Lima,Lima,P029,Hervidor eléctrico Bosch,Pequeños Electrodomésticos,23,41.67,8,500.49,695.12
T01,CD-Lima,Lima,P030,Cafetera DeLonghi,Pequeños Electrodomésticos,99,46.92,9,411.94,572.14
T01,CD-Lima,Lima,P031,Freidora de aire Philips,Pequeños Electrodomésticos,41,40.25,8,347.51,482.65
T01,CD-Lima,Lima,P032,Aspiradora Dyson V11,Pequeños Electrodomésticos,51,44.58,9,598.85,831.74
T01,CD-Lima,Lima,P033,Plancha a vapor Rowenta,Pequeños Electrodomésticos,79,43.58,9,210.3,292.09
T01,CD-Lima,Lima,P034,Batidora KitchenAid,Pequeños Electrodomésticos,19,37.5,8,305.55,424.37
T01,CD-Lima,Lima,P035,Tostadora Oster,Pequeños Electrodomésticos,86,43.42,9,604.45,839.51
T01,CD-Lima,Lima,P036,Purificador de agua,Pequeños Electrodomésticos,36,40.17,8,340.52,472.94
T01,CD-Lima,Lima,P037,Laptop HP 15,Cómputo,3,14.08,3,2094.74,2909.36
T01,CD-Lima,Lima,P038,Laptop Lenovo ThinkPad,Cómputo,0,11.25,2,924.29,1283.74
T01,CD-Lima,Lima,P039,Laptop Asus VivoBook,Cómputo,36,15.17,3,1397.47,1940.93
T01,CD-Lima,Lima,P040,Laptop Dell Inspiron,Cómputo,11,11.5,2,1170.5,1625.7
T01,CD-Lima,Lima,P041,Monitor LG 27,Cómputo,14,12.0,2,980.16,1361.33
T01,CD-Lima,Lima,P042,Monitor Samsung 24,Cómputo,38,15.25,3,2538.28,3525.39
T01,CD-Lima,Lima,P043,Monitor BenQ 32,Cómputo,20,14.33,3,2971.09,4126.52
T01,CD-Lima,Lima,P044,Impresora Epson EcoTank,Cómputo,8,12.42,2,1107.72,1538.5
T01,CD-Lima,Lima,P045,Impresora HP LaserJet,Cómputo,2,12.67,3,2342.61,3253.62
T01,CD-Lima,Lima,P046,All-in-one Dell,Cómputo,0,11.17,2,1980.81,2751.13
T01,CD-Lima,Lima,P047,Mini PC Intel NUC,Cómputo,34,13.83,3,2009.5,2790.97
T01,CD-Lima,Lima,P048,Teclado mecánico Logitech,Cómputo,7,15.75,3,1407.93,1955.46
T01,CD-Lima,Lima,P049,Smartphone iPhone 15,Celulares y Tablets,27,15.58,3,3238.6,4498.05
T01,CD-Lima,Lima,P050,Smartphone Samsung S24,Celulares y Tablets,29,16.67,3,2417.29,3357.35
T01,CD-Lima,Lima,P051,Smartphone Xiaomi Redmi,Celulares y Tablets,9,10.92,2,1879.13,2609.9
T01,CD-Lima,Lima,P052,Tablet iPad 10,Celulares y Tablets,33,14.08,3,1919.08,2665.39
T01,CD-Lima,Lima,P053,Tablet Samsung Galaxy Tab,Celulares y Tablets,32,15.58,3,3376.54,4689.64
T01,CD-Lima,Lima,P054,Smartwatch Apple Watch,Celulares y Tablets,10,11.08,2,3559.53,4943.79
T01,CD-Lima,Lima,P055,Smartwatch Samsung Galaxy,Celulares y Tablets,11,12.42,2,2160.56,3000.78
T01,CD-Lima,Lima,P056,Auriculares AirPods,Celulares y Tablets,5,16.58,3,2205.43,3063.1
T01,CD-Lima,Lima,P057,Cargador inalámbrico,Celulares y Tablets,8,10.0,2,2553.78,3546.92
T01,CD-Lima,Lima,P058,Funda protectora,Celulares y Tablets,10,9.58,2,1406.56,1953.56
T01,CD-Lima,Lima,P059,Power bank Anker,Celulares y Tablets,2,12.0,2,2965.77,4119.13
T01,CD-Lima,Lima,P060,Smartphone Motorola G84,Celulares y Tablets,1,13.0,3,2022.02,2808.36
T01,CD-Lima,Lima,P061,Aire acondicionado LG 12000BTU,Climatización,58,24.25,5,852.36,1183.84
T01,CD-Lima,Lima,P062,AC Samsung Inverter,Climatización,23,14.75,3,1421.77,1974.68
T01,CD-Lima,Lima,P063,AC Midea 9000BTU,Climatización,21,19.33,4,788.03,1094.48
T01,CD-Lima,Lima,P064,Ventilador de pie,Climatización,28,19.25,4,593.3,824.03
T01,CD-Lima,Lima,P065,Ventilador de techo,Climatización,40,18.25,4,557.73,774.62
T01,CD-Lima,Lima,P066,Calefactor eléctrico,Climatización,6,13.0,3,226.48,314.56
T01,CD-Lima,Lima,P067,Humidificador,Climatización,50,21.67,4,1100.52,1528.5
T01,CD-Lima,Lima,P068,Deshumidificador,Climatización,43,24.67,5,1018.57,1414.68
T01,CD-Lima,Lima,P069,Purificador de aire Xiaomi,Climatización,30,22.25,4,823.35,1143.54
T01,CD-Lima,Lima,P070,Climatizador evaporativo,Climatización,18,22.08,4,914.13,1269.63
T01,CD-Lima,Lima,P071,Calefón a gas,Climatización,2,17.42,3,867.28,1204.56
T01,CD-Lima,Lima,P072,Terma eléctrica,Climatización,12,19.17,4,1473.8,2046.94
T01,CD-Lima,Lima,P073,Secadora de cabello Gama,Cuidado Personal,101,46.58,9,211.17,293.29
T01,CD-Lima,Lima,P074,Plancha de cabello Babyliss,Cuidado Personal,48,27.25,5,344.28,478.17
T01,CD-Lima,Lima,P075,Afeitadora Philips,Cuidado Personal,17,37.67,8,359.45,499.24
T01,CD-Lima,Lima,P076,Cortadora de cabello Wahl,Cuidado Personal,55,36.5,7,545.37,757.46
T01,CD-Lima,Lima,P077,Cepillo dental eléctrico,Cuidado Personal,100,47.83,10,534.62,742.53
T01,CD-Lima,Lima,P078,Depiladora Braun,Cuidado Personal,46,37.42,7,386.95,537.43
T01,CD-Lima,Lima,P079,Afeitadora Braun,Cuidado Personal,90,37.5,8,593.25,823.96
T01,CD-Lima,Lima,P080,Espejo con luz LED,Cuidado Personal,38,40.92,8,548.46,761.75
T01,CD-Lima,Lima,P081,Masajeador eléctrico,Cuidado Personal,0,53.92,11,244.56,339.66
T01,CD-Lima,Lima,P082,Rizadora Conair,Cuidado Personal,68,40.58,8,598.89,831.79
T01,CD-Lima,Lima,P083,Kit de manicura,Cuidado Personal,86,49.17,10,115.68,160.67
T01,CD-Lima,Lima,P084,Balanza digital,Cuidado Personal,40,40.0,8,464.58,645.25
T01,CD-Lima,Lima,P085,Cable HDMI 2m,Accesorios,80,45.92,9,521.11,723.77
T01,CD-Lima,Lima,P086,Cable USB-C,Accesorios,24,33.17,7,361.76,502.44
T01,CD-Lima,Lima,P087,Mouse inalámbrico,Accesorios,90,38.08,8,325.0,451.39
T01,CD-Lima,Lima,P088,Teclado inalámbrico,Accesorios,43,42.75,9,627.49,871.52
T01,CD-Lima,Lima,P089,Audífonos con micrófono,Accesorios,15,37.17,7,628.68,873.16
T01,CD-Lima,Lima,P090,Soporte para TV,Accesorios,17,41.0,8,554.98,770.8
T01,CD-Lima,Lima,P091,Regulador de voltaje,Accesorios,11,36.42,7,340.49,472.9
T01,CD-Lima,Lima,P092,Estabilizador,Accesorios,83,45.5,9,95.56,132.72
T01,CD-Lima,Lima,P093,UPS 1000VA,Accesorios,36,25.83,5,214.92,298.5
T01,CD-Lima,Lima,P094,Hub USB multipuerto,Accesorios,25,32.42,6,351.87,488.71
T01,CD-Lima,Lima,P095,Tarjeta SD 128GB,Accesorios,91,42.5,8,114.67,159.26
T01,CD-Lima,Lima,P096,Memoria USB 64GB,Accesorios,0,32.33,6,498.95,692.99
T02,CD-Lima,Lima,P001,Refrigeradora LG 340L,Línea Blanca,20,10.83,2,1932.38,2683.86
T02,CD-Lima,Lima,P002,Refrigeradora Samsung 450L,Línea Blanca,7,11.58,2,2799.88,3888.72
T02,CD-Lima,Lima,P003,Refrigeradora Bosch 280L,Línea Blanca,11,11.83,2,2491.98,3461.09
T02,CD-Lima,Lima,P004,Lavadora LG 15kg,Línea Blanca,9,12.5,2,2478.23,3441.98
T02,CD-Lima,Lima,P005,Lavadora Samsung 18kg,Línea Blanca,4,13.08,3,1363.49,1893.74
T02,CD-Lima,Lima,P006,Lavadora Whirlpool 14kg,Línea Blanca,11,16.42,3,1461.59,2029.99
T02,CD-Lima,Lima,P007,Secadora Electrolux 10kg,Línea Blanca,11,13.5,3,3192.27,4433.71
T02,CD-Lima,Lima,P008,Cocina a gas Indurama 4H,Línea Blanca,27,13.25,3,3072.06,4266.75
T02,CD-Lima,Lima,P009,Cocina eléctrica Mabe 4H,Línea Blanca,3,12.92,3,2777.0,3856.95
T02,CD-Lima,Lima,P010,Campana extractora Bosch,Línea Blanca,19,10.92,2,3239.19,4498.87
T02,CD-Lima,Lima,P011,Horno empotrado Electrolux,Línea Blanca,15,12.67,3,2084.28,2894.84
T02,CD-Lima,Lima,P012,Lavaplatos Frigidaire,Línea Blanca,22,14.42,3,1045.34,1451.86
T02,CD-Lima,Lima,P013,Smart TV LG 55,TV y Audio,2,13.17,3,1672.78,2323.3
T02,CD-Lima,Lima,P014,Smart TV Samsung 65,TV y Audio,7,7.92,2,2188.5,3039.59
T02,CD-Lima,Lima,P015,Smart TV Sony 75,TV y Audio,1,14.33,3,1558.08,2164.0
T02,CD-Lima,Lima,P016,Smart TV TCL 50,TV y Audio,26,15.25,3,1950.9,2709.58
T02,CD-Lima,Lima,P017,TV OLED LG 65,TV y Audio,6,11.67,2,2946.51,4092.37
T02,CD-Lima,Lima,P018,Soundbar Samsung 5.1,TV y Audio,10,8.5,2,2536.65,3523.12
T02,CD-Lima,Lima,P019,Soundbar JBL 2.1,TV y Audio,21,9.92,2,2235.96,3105.5
T02,CD-Lima,Lima,P020,Home theater Sony,TV y Audio,31,13.33,3,922.78,1281.64
T02,CD-Lima,Lima,P021,Parlante Bluetooth JBL,TV y Audio,8,9.5,2,2553.01,3545.85
T02,CD-Lima,Lima,P022,Audífonos Sony WH-1000,TV y Audio,8,12.67,3,1727.78,2399.69
T02,CD-Lima,Lima,P023,Barra Bose 900,TV y Audio,41,18.17,4,1867.19,2593.32
T02,CD-Lima,Lima,P024,Receptor AV Yamaha,TV y Audio,25,12.5,2,1811.48,2515.95
T02,CD-Lima,Lima,P025,Licuadora Oster 700W,Pequeños Electrodomésticos,68,46.92,9,403.41,560.29
T02,CD-Lima,Lima,P026,Licuadora Philips 1000W,Pequeños Electrodomésticos,116,47.08,9,351.89,488.73
T02,CD-Lima,Lima,P027,Microondas LG 32L,Pequeños Electrodomésticos,67,37.08,7,126.35,175.49
T02,CD-Lima,Lima,P028,Microondas Panasonic 25L,Pequeños Electrodomésticos,22,28.33,6,356.55,495.21
T02,CD-Lima,Lima,P029,Hervidor eléctrico Bosch,Pequeños Electrodomésticos,88,45.75,9,500.49,695.12
T02,CD-Lima,Lima,P030,Cafetera DeLonghi,Pequeños Electrodomésticos,44,38.75,8,411.94,572.14
T02,CD-Lima,Lima,P031,Freidora de aire Philips,Pequeños Electrodomésticos,52,48.5,10,347.51,482.65
T02,CD-Lima,Lima,P032,Aspiradora Dyson V11,Pequeños Electrodomésticos,91,49.75,10,598.85,831.74
T02,CD-Lima,Lima,P033,Plancha a vapor Rowenta,Pequeños Electrodomésticos,9,29.67,6,210.3,292.09
T02,CD-Lima,Lima,P034,Batidora KitchenAid,Pequeños Electrodomésticos,118,52.17,10,305.55,424.37
T02,CD-Lima,Lima,P035,Tostadora Oster,Pequeños Electrodomésticos,125,56.0,11,604.45,839.51
T02,CD-Lima,Lima,P036,Purificador de agua,Pequeños Electrodomésticos,72,40.58,8,340.52,472.94
T02,CD-Lima,Lima,P037,Laptop HP 15,Cómputo,12,7.75,2,2094.74,2909.36
T02,CD-Lima,Lima,P038,Laptop Lenovo ThinkPad,Cómputo,30,12.42,2,924.29,1283.74
T02,CD-Lima,Lima,P039,Laptop Asus VivoBook,Cómputo,5,11.75,2,1397.47,1940.93
T02,CD-Lima,Lima,P040,Laptop Dell Inspiron,Cómputo,13,9.5,2,1170.5,1625.7
T02,CD-Lima,Lima,P041,Monitor LG 27,Cómputo,20,10.25,2,980.16,1361.33
T02,CD-Lima,Lima,P042,Monitor Samsung 24,Cómputo,31,13.42,3,2538.28,3525.39
T02,CD-Lima,Lima,P043,Monitor BenQ 32,Cómputo,0,12.83,3,2971.09,4126.52
T02,CD-Lima,Lima,P044,Impresora Epson EcoTank,Cómputo,3,11.42,2,1107.72,1538.5
T02,CD-Lima,Lima,P045,Impresora HP LaserJet,Cómputo,20,11.83,2,2342.61,3253.62
T02,CD-Lima,Lima,P046,All-in-one Dell,Cómputo,7,12.08,2,1980.81,2751.13
T02,CD-Lima,Lima,P047,Mini PC Intel NUC,Cómputo,11,12.08,2,2009.5,2790.97
T02,CD-Lima,Lima,P048,Teclado mecánico Logitech,Cómputo,15,10.75,2,1407.93,1955.46
T02,CD-Lima,Lima,P049,Smartphone iPhone 15,Celulares y Tablets,9,13.25,3,3238.6,4498.05
T02,CD-Lima,Lima,P050,Smartphone Samsung S24,Celulares y Tablets,28,12.92,3,2417.29,3357.35
T02,CD-Lima,Lima,P051,Smartphone Xiaomi Redmi,Celulares y Tablets,17,14.67,3,1879.13,2609.9
T02,CD-Lima,Lima,P052,Tablet iPad 10,Celulares y Tablets,13,12.33,2,1919.08,2665.39
T02,CD-Lima,Lima,P053,Tablet Samsung Galaxy Tab,Celulares y Tablets,14,12.25,2,3376.54,4689.64
T02,CD-Lima,Lima,P054,Smartwatch Apple Watch,Celulares y Tablets,5,13.67,3,3559.53,4943.79
T02,CD-Lima,Lima,P055,Smartwatch Samsung Galaxy,Celulares y Tablets,0,11.92,2,2160.56,3000.78
T02,CD-Lima,Lima,P056,Auriculares AirPods,Celulares y Tablets,3,12.67,3,2205.43,3063.1
T02,CD-Lima,Lima,P057,Cargador inalámbrico,Celulares y Tablets,34,14.5,3,2553.78,3546.92
T02,CD-Lima,Lima,P058,Funda protectora,Celulares y Tablets,31,13.25,3,1406.56,1953.56
T02,CD-Lima,Lima,P059,Power bank Anker,Celulares y Tablets,12,10.83,2,2965.77,4119.13
T02,CD-Lima,Lima,P060,Smartphone Motorola G84,Celulares y Tablets,7,14.42,3,2022.02,2808.36
T02,CD-Lima,Lima,P061,Aire acondicionado LG 12000BTU,Climatización,24,24.58,5,852.36,1183.84
T02,CD-Lima,Lima,P062,AC Samsung Inverter,Climatización,35,16.5,3,1421.77,1974.68
T02,CD-Lima,Lima,P063,AC Midea 9000BTU,Climatización,36,20.75,4,788.03,1094.48
T02,CD-Lima,Lima,P064,Ventilador de pie,Climatización,42,17.0,3,593.3,824.03
T02,CD-Lima,Lima,P065,Ventilador de techo,Climatización,49,20.33,4,557.73,774.62
T02,CD-Lima,Lima,P066,Calefactor eléctrico,Climatización,16,15.92,3,226.48,314.56
T02,CD-Lima,Lima,P067,Humidificador,Climatización,31,19.42,4,1100.52,1528.5
T02,CD-Lima,Lima,P068,Deshumidificador,Climatización,47,24.08,5,1018.57,1414.68
T02,CD-Lima,Lima,P069,Purificador de aire Xiaomi,Climatización,36,15.33,3,823.35,1143.54
T02,CD-Lima,Lima,P070,Climatizador evaporativo,Climatización,21,17.83,4,914.13,1269.63
T02,CD-Lima,Lima,P071,Calefón a gas,Climatización,63,25.33,5,867.28,1204.56
T02,CD-Lima,Lima,P072,Terma eléctrica,Climatización,36,19.58,4,1473.8,2046.94
T02,CD-Lima,Lima,P073,Secadora de cabello Gama,Cuidado Personal,2,36.92,7,211.17,293.29
T02,CD-Lima,Lima,P074,Plancha de cabello Babyliss,Cuidado Personal,40,50.83,10,344.28,478.17
T02,CD-Lima,Lima,P075,Afeitadora Philips,Cuidado Personal,73,41.83,8,359.45,499.24
T02,CD-Lima,Lima,P076,Cortadora de cabello Wahl,Cuidado Personal,94,46.33,9,545.37,757.46
T02,CD-Lima,Lima,P077,Cepillo dental eléctrico,Cuidado Personal,74,52.5,10,534.62,742.53
T02,CD-Lima,Lima,P078,Depiladora Braun,Cuidado Personal,62,49.0,10,386.95,537.43
T02,CD-Lima,Lima,P079,Afeitadora Braun,Cuidado Personal,2,40.42,8,593.25,823.96
T02,CD-Lima,Lima,P080,Espejo con luz LED,Cuidado Personal,98,43.17,9,548.46,761.75
T02,CD-Lima,Lima,P081,Masajeador eléctrico,Cuidado Personal,30,28.33,6,244.56,339.66
T02,CD-Lima,Lima,P082,Rizadora Conair,Cuidado Personal,18,36.33,7,598.89,831.79
T02,CD-Lima,Lima,P083,Kit de manicura,Cuidado Personal,4,41.0,8,115.68,160.67
T02,CD-Lima,Lima,P084,Balanza digital,Cuidado Personal,15,26.75,5,464.58,645.25
T02,CD-Lima,Lima,P085,Cable HDMI 2m,Accesorios,23,40.17,8,521.11,723.77
T02,CD-Lima,Lima,P086,Cable USB-C,Accesorios,46,39.33,8,361.76,502.44
T02,CD-Lima,Lima,P087,Mouse inalámbrico,Accesorios,79,52.17,10,325.0,451.39
T02,CD-Lima,Lima,P088,Teclado inalámbrico,Accesorios,115,47.33,9,627.49,871.52
T02,CD-Lima,Lima,P089,Audífonos con micrófono,Accesorios,8,19.58,4,628.68,873.16
T02,CD-Lima,Lima,P090,Soporte para TV,Accesorios,59,42.42,8,554.98,770.8
T02,CD-Lima,Lima,P091,Regulador de voltaje,Accesorios,24,42.42,8,340.49,472.9
T02,CD-Lima,Lima,P092,Estabilizador,Accesorios,9,37.83,8,95.56,132.72
T02,CD-Lima,Lima,P093,UPS 1000VA,Accesorios,54,36.17,7,214.92,298.5
T02,CD-Lima,Lima,P094,Hub USB multipuerto,Accesorios,12,37.5,8,351.87,488.71
T02,CD-Lima,Lima,P095,Tarjeta SD 128GB,Accesorios,15,30.17,6,114.67,159.26
T02,CD-Lima,Lima,P096,Memoria USB 64GB,Accesorios,12,40.92,8,498.95,692.99
T03,CD-Lima,Lima,P001,Refrigeradora LG 340L,Línea Blanca,7,13.0,3,1932.38,2683.86
T03,CD-Lima,Lima,P002,Refrigeradora Samsung 450L,Línea Blanca,11,9.75,2,2799.88,3888.72
T03,CD-Lima,Lima,P003,Refrigeradora Bosch 280L,Línea Blanca,29,12.83,3,2491.98,3461.09
T03,CD-Lima,Lima,P004,Lavadora LG 15kg,Línea Blanca,3,10.75,2,2478.23,3441.98
T03,CD-Lima,Lima,P005,Lavadora Samsung 18kg,Línea Blanca,19,11.58,2,1363.49,1893.74
T03,CD-Lima,Lima,P006,Lavadora Whirlpool 14kg,Línea Blanca,17,12.5,2,1461.59,2029.99
T03,CD-Lima,Lima,P007,Secadora Electrolux 10kg,Línea Blanca,19,11.83,2,3192.27,4433.71
T03,CD-Lima,Lima,P008,Cocina a gas Indurama 4H,Línea Blanca,10,11.25,2,3072.06,4266.75
T03,CD-Lima,Lima,P009,Cocina eléctrica Mabe 4H,Línea Blanca,24,13.42,3,2777.0,3856.95
T03,CD-Lima,Lima,P010,Campana extractora Bosch,Línea Blanca,35,14.92,3,3239.19,4498.87
T03,CD-Lima,Lima,P011,Horno empotrado Electrolux,Línea Blanca,12,11.67,2,2084.28,2894.84
T03,CD-Lima,Lima,P012,Lavaplatos Frigidaire,Línea Blanca,33,16.42,3,1045.34,1451.86
T03,CD-Lima,Lima,P013,Smart TV LG 55,TV y Audio,9,11.83,2,1672.78,2323.3
T03,CD-Lima,Lima,P014,Smart TV Samsung 65,TV y Audio,7,10.08,2,2188.5,3039.59
T03,CD-Lima,Lima,P015,Smart TV Sony 75,TV y Audio,9,9.58,2,1558.08,2164.0
T03,CD-Lima,Lima,P016,Smart TV TCL 50,TV y Audio,1,7.42,1,1950.9,2709.58
T03,CD-Lima,Lima,P017,TV OLED LG 65,TV y Audio,11,11.58,2,2946.51,4092.37
T03,CD-Lima,Lima,P018,Soundbar Samsung 5.1,TV y Audio,22,12.33,2,2536.65,3523.12
T03,CD-Lima,Lima,P019,Soundbar JBL 2.1,TV y Audio,17,15.75,3,2235.96,3105.5
T03,CD-Lima,Lima,P020,Home theater Sony,TV y Audio,22,12.33,2,922.78,1281.64
T03,CD-Lima,Lima,P021,Parlante Bluetooth JBL,TV y Audio,21,11.67,2,2553.01,3545.85
T03,CD-Lima,Lima,P022,Audífonos Sony WH-1000,TV y Audio,7,12.67,3,1727.78,2399.69
T03,CD-Lima,Lima,P023,Barra Bose 900,TV y Audio,23,12.0,2,1867.19,2593.32
T03,CD-Lima,Lima,P024,Receptor AV Yamaha,TV y Audio,7,12.58,3,1811.48,2515.95
T03,CD-Lima,Lima,P025,Licuadora Oster 700W,Pequeños Electrodomésticos,83,48.08,10,403.41,560.29
T03,CD-Lima,Lima,P026,Licuadora Philips 1000W,Pequeños Electrodomésticos,8,42.33,8,351.89,488.73
T03,CD-Lima,Lima,P027,Microondas LG 32L,Pequeños Electrodomésticos,31,44.75,9,126.35,175.49
T03,CD-Lima,Lima,P028,Microondas Panasonic 25L,Pequeños Electrodomésticos,122,58.33,12,356.55,495.21
T03,CD-Lima,Lima,P029,Hervidor eléctrico Bosch,Pequeños Electrodomésticos,32,50.67,10,500.49,695.12
T03,CD-Lima,Lima,P030,Cafetera DeLonghi,Pequeños Electrodomésticos,6,41.42,8,411.94,572.14
T03,CD-Lima,Lima,P031,Freidora de aire Philips,Pequeños Electrodomésticos,14,43.67,9,347.51,482.65
T03,CD-Lima,Lima,P032,Aspiradora Dyson V11,Pequeños Electrodomésticos,92,37.33,7,598.85,831.74
T03,CD-Lima,Lima,P033,Plancha a vapor Rowenta,Pequeños Electrodomésticos,62,43.75,9,210.3,292.09
T03,CD-Lima,Lima,P034,Batidora KitchenAid,Pequeños Electrodomésticos,58,49.17,10,305.55,424.37
T03,CD-Lima,Lima,P035,Tostadora Oster,Pequeños Electrodomésticos,12,45.5,9,604.45,839.51
T03,CD-Lima,Lima,P036,Purificador de agua,Pequeños Electrodomésticos,39,36.83,7,340.52,472.94
T03,CD-Lima,Lima,P037,Laptop HP 15,Cómputo,25,10.67,2,2094.74,2909.36
T03,CD-Lima,Lima,P038,Laptop Lenovo ThinkPad,Cómputo,28,12.92,3,924.29,1283.74
T03,CD-Lima,Lima,P039,Laptop Asus VivoBook,Cómputo,24,11.58,2,1397.47,1940.93
T03,CD-Lima,Lima,P040,Laptop Dell Inspiron,Cómputo,11,12.25,2,1170.5,1625.7
T03,CD-Lima,Lima,P041,Monitor LG 27,Cómputo,16,13.0,3,980.16,1361.33
T03,CD-Lima,Lima,P042,Monitor Samsung 24,Cómputo,0,16.25,3,2538.28,3525.39
T03,CD-Lima,Lima,P043,Monitor BenQ 32,Cómputo,4,12.17,2,2971.09,4126.52
T03,CD-Lima,Lima,P044,Impresora Epson EcoTank,Cómputo,14,16.58,3,1107.72,1538.5
T03,CD-Lima,Lima,P045,Impresora HP LaserJet,Cómputo,19,8.75,2,2342.61,3253.62
T03,CD-Lima,Lima,P046,All-in-one Dell,Cómputo,1,11.58,2,1980.81,2751.13
T03,CD-Lima,Lima,P047,Mini PC Intel NUC,Cómputo,16,9.33,2,2009.5,2790.97
T03,CD-Lima,Lima,P048,Teclado mecánico Logitech,Cómputo,17,11.67,2,1407.93,1955.46
T03,CD-Lima,Lima,P049,Smartphone iPhone 15,Celulares y Tablets,27,15.08,3,3238.6,4498.05
T03,CD-Lima,Lima,P050,Smartphone Samsung S24,Celulares y Tablets,18,11.5,2,2417.29,3357.35
T03,CD-Lima,Lima,P051,Smartphone Xiaomi Redmi,Celulares y Tablets,28,13.0,3,1879.13,2609.9
T03,CD-Lima,Lima,P052,Tablet iPad 10,Celulares y Tablets,11,10.83,2,1919.08,2665.39
T03,CD-Lima,Lima,P053,Tablet Samsung Galaxy Tab,Celulares y Tablets,11,9.83,2,3376.54,4689.64
T03,CD-Lima,Lima,P054,Smartwatch Apple Watch,Celulares y Tablets,1,11.08,2,3559.53,4943.79
T03,CD-Lima,Lima,P055,Smartwatch Samsung Galaxy,Celulares y Tablets,23,9.33,2,2160.56,3000.78
T03,CD-Lima,Lima,P056,Auriculares AirPods,Celulares y Tablets,19,12.42,2,2205.43,3063.1
T03,CD-Lima,Lima,P057,Cargador inalámbrico,Celulares y Tablets,25,13.33,3,2553.78,3546.92
T03,CD-Lima,Lima,P058,Funda protectora,Celulares y Tablets,4,10.67,2,1406.56,1953.56
T03,CD-Lima,Lima,P059,Power bank Anker,Celulares y Tablets,10,16.33,3,2965.77,4119.13
T03,CD-Lima,Lima,P060,Smartphone Motorola G84,Celulares y Tablets,30,12.08,2,2022.02,2808.36
T03,CD-Lima,Lima,P061,Aire acondicionado LG 12000BTU,Climatización,10,17.08,3,852.36,1183.84
T03,CD-Lima,Lima,P062,AC Samsung Inverter,Climatización,27,20.33,4,1421.77,1974.68
T03,CD-Lima,Lima,P063,AC Midea 9000BTU,Climatización,15,23.5,5,788.03,1094.48
T03,CD-Lima,Lima,P064,Ventilador de pie,Climatización,5,22.58,5,593.3,824.03
T03,CD-Lima,Lima,P065,Ventilador de techo,Climatización,11,20.0,4,557.73,774.62
T03,CD-Lima,Lima,P066,Calefactor eléctrico,Climatización,20,25.67,5,226.48,314.56
T03,CD-Lima,Lima,P067,Humidificador,Climatización,22,17.33,3,1100.52,1528.5
T03,CD-Lima,Lima,P068,Deshumidificador,Climatización,43,21.25,4,1018.57,1414.68
T03,CD-Lima,Lima,P069,Purificador de aire Xiaomi,Climatización,36,20.75,4,823.35,1143.54
T03,CD-Lima,Lima,P070,Climatizador evaporativo,Climatización,7,10.0,2,914.13,1269.63
T03,CD-Lima,Lima,P071,Calefón a gas,Climatización,37,15.5,3,867.28,1204.56
T03,CD-Lima,Lima,P072,Terma eléctrica,Climatización,27,14.0,3,1473.8,2046.94
T03,CD-Lima,Lima,P073,Secadora de cabello Gama,Cuidado Personal,51,44.33,9,211.17,293.29
T03,CD-Lima,Lima,P074,Plancha de cabello Babyliss,Cuidado Personal,58,36.58,7,344.28,478.17
T03,CD-Lima,Lima,P075,Afeitadora Philips,Cuidado Personal,77,35.67,7,359.45,499.24
T03,CD-Lima,Lima,P076,Cortadora de cabello Wahl,Cuidado Personal,11,38.33,8,545.37,757.46
T03,CD-Lima,Lima,P077,Cepillo dental eléctrico,Cuidado Personal,19,36.5,7,534.62,742.53
T03,CD-Lima,Lima,P078,Depiladora Braun,Cuidado Personal,3,36.33,7,386.95,537.43
T03,CD-Lima,Lima,P079,Afeitadora Braun,Cuidado Personal,77,44.75,9,593.25,823.96
T03,CD-Lima,Lima,P080,Espejo con luz LED,Cuidado Personal,9,37.25,7,548.46,761.75
T03,CD-Lima,Lima,P081,Masajeador eléctrico,Cuidado Personal,104,54.33,11,244.56,339.66
T03,CD-Lima,Lima,P082,Rizadora Conair,Cuidado Personal,40,42.42,8,598.89,831.79
T03,CD-Lima,Lima,P083,Kit de manicura,Cuidado Personal,4,43.75,9,115.68,160.67
T03,CD-Lima,Lima,P084,Balanza digital,Cuidado Personal,59,41.58,8,464.58,645.25
T03,CD-Lima,Lima,P085,Cable HDMI 2m,Accesorios,51,50.08,10,521.11,723.77
T03,CD-Lima,Lima,P086,Cable USB-C,Accesorios,60,34.58,7,361.76,502.44
T03,CD-Lima,Lima,P087,Mouse inalámbrico,Accesorios,52,39.08,8,325.0,451.39
T03,CD-Lima,Lima,P088,Teclado inalámbrico,Accesorios,65,36.42,7,627.49,871.52
T03,CD-Lima,Lima,P089,Audífonos con micrófono,Accesorios,87,44.17,9,628.68,873.16
T03,CD-Lima,Lima,P090,Soporte para TV,Accesorios,30,37.58,8,554.98,770.8
T03,CD-Lima,Lima,P091,Regulador de voltaje,Accesorios,58,34.17,7,340.49,472.9
T03,CD-Lima,Lima,P092,Estabilizador,Accesorios,33,34.42,7,95.56,132.72
T03,CD-Lima,Lima,P093,UPS 1000VA,Accesorios,28,46.42,9,214.92,298.5
T03,CD-Lima,Lima,P094,Hub USB multipuerto,Accesorios,66,32.0,6,351.87,488.71
T03,CD-Lima,Lima,P095,Tarjeta SD 128GB,Accesorios,8,40.17,8,114.67,159.26
T03,CD-Lima,Lima,P096,Memoria USB 64GB,Accesorios,78,35.42,7,498.95,692.99
T04,CD-Lima,Lima,P001,Refrigeradora LG 340L,Línea Blanca,9,15.42,3,1932.38,2683.86
T04,CD-Lima,Lima,P002,Refrigeradora Samsung 450L,Línea Blanca,6,15.67,3,2799.88,3888.72
T04,CD-Lima,Lima,P003,Refrigeradora Bosch 280L,Línea Blanca,9,9.17,2,2491.98,3461.09
T04,CD-Lima,Lima,P004,Lavadora LG 15kg,Línea Blanca,10,17.75,4,2478.23,3441.98
T04,CD-Lima,Lima,P005,Lavadora Samsung 18kg,Línea Blanca,29,14.92,3,1363.49,1893.74
T04,CD-Lima,Lima,P006,Lavadora Whirlpool 14kg,Línea Blanca,9,14.33,3,1461.59,2029.99
T04,CD-Lima,Lima,P007,Secadora Electrolux 10kg,Línea Blanca,14,10.67,2,3192.27,4433.71
T04,CD-Lima,Lima,P008,Cocina a gas Indurama 4H,Línea Blanca,35,14.92,3,3072.06,4266.75
T04,CD-Lima,Lima,P009,Cocina eléctrica Mabe 4H,Línea Blanca,14,11.83,2,2777.0,3856.95
T04,CD-Lima,Lima,P010,Campana extractora Bosch,Línea Blanca,15,13.83,3,3239.19,4498.87
T04,CD-Lima,Lima,P011,Horno empotrado Electrolux,Línea Blanca,31,16.25,3,2084.28,2894.84
T04,CD-Lima,Lima,P012,Lavaplatos Frigidaire,Línea Blanca,0,13.17,3,1045.34,1451.86
T04,CD-Lima,Lima,P013,Smart TV LG 55,TV y Audio,21,10.5,2,1672.78,2323.3
T04,CD-Lima,Lima,P014,Smart TV Samsung 65,TV y Audio,1,12.83,3,2188.5,3039.59
T04,CD-Lima,Lima,P015,Smart TV Sony 75,TV y Audio,25,13.33,3,1558.08,2164.0
T04,CD-Lima,Lima,P016,Smart TV TCL 50,TV y Audio,21,9.92,2,1950.9,2709.58
T04,CD-Lima,Lima,P017,TV OLED LG 65,TV y Audio,10,13.83,3,2946.51,4092.37
T04,CD-Lima,Lima,P018,Soundbar Samsung 5.1,TV y Audio,25,14.0,3,2536.65,3523.12
T04,CD-Lima,Lima,P019,Soundbar JBL 2.1,TV y Audio,20,10.33,2,2235.96,3105.5
T04,CD-Lima,Lima,P020,Home theater Sony,TV y Audio,13,14.67,3,922.78,1281.64
T04,CD-Lima,Lima,P021,Parlante Bluetooth JBL,TV y Audio,2,13.33,3,2553.01,3545.85
T04,CD-Lima,Lima,P022,Audífonos Sony WH-1000,TV y Audio,4,12.75,3,1727.78,2399.69
T04,CD-Lima,Lima,P023,Barra Bose 900,TV y Audio,11,10.42,2,1867.19,2593.32
T04,CD-Lima,Lima,P024,Receptor AV Yamaha,TV y Audio,22,8.92,2,1811.48,2515.95
T04,CD-Lima,Lima,P025,Licuadora Oster 700W,Pequeños Electrodomésticos,28,44.0,9,403.41,560.29
T04,CD-Lima,Lima,P026,Licuadora Philips 1000W,Pequeños Electrodomésticos,73,38.75,8,351.89,488.73
T04,CD-Lima,Lima,P027,Microondas LG 32L,Pequeños Electrodomésticos,37,41.75,8,126.35,175.49
T04,CD-Lima,Lima,P028,Microondas Panasonic 25L,Pequeños Electrodomésticos,65,51.67,10,356.55,495.21
T04,CD-Lima,Lima,P029,Hervidor eléctrico Bosch,Pequeños Electrodomésticos,100,40.33,8,500.49,695.12
T04,CD-Lima,Lima,P030,Cafetera DeLonghi,Pequeños Electrodomésticos,10,34.58,7,411.94,572.14
T04,CD-Lima,Lima,P031,Freidora de aire Philips,Pequeños Electrodomésticos,31,27.33,5,347.51,482.65
T04,CD-Lima,Lima,P032,Aspiradora Dyson V11,Pequeños Electrodomésticos,50,36.75,7,598.85,831.74
T04,CD-Lima,Lima,P033,Plancha a vapor Rowenta,Pequeños Electrodomésticos,123,51.08,10,210.3,292.09
T04,CD-Lima,Lima,P034,Batidora KitchenAid,Pequeños Electrodomésticos,18,51.83,10,305.55,424.37
T04,CD-Lima,Lima,P035,Tostadora Oster,Pequeños Electrodomésticos,54,44.33,9,604.45,839.51
T04,CD-Lima,Lima,P036,Purificador de agua,Pequeños Electrodomésticos,119,52.5,10,340.52,472.94
T04,CD-Lima,Lima,P037,Laptop HP 15,Cómputo,24,10.5,2,2094.74,2909.36
T04,CD-Lima,Lima,P038,Laptop Lenovo ThinkPad,Cómputo,6,11.25,2,924.29,1283.74
T04,CD-Lima,Lima,P039,Laptop Asus VivoBook,Cómputo,7,11.92,2,1397.47,1940.93
T04,CD-Lima,Lima,P040,Laptop Dell Inspiron,Cómputo,29,14.67,3,1170.5,1625.7
T04,CD-Lima,Lima,P041,Monitor LG 27,Cómputo,31,16.83,3,980.16,1361.33
T04,CD-Lima,Lima,P042,Monitor Samsung 24,Cómputo,0,11.25,2,2538.28,3525.39
T04,CD-Lima,Lima,P043,Monitor BenQ 32,Cómputo,29,15.83,3,2971.09,4126.52
T04,CD-Lima,Lima,P044,Impresora Epson EcoTank,Cómputo,18,7.75,2,1107.72,1538.5
T04,CD-Lima,Lima,P045,Impresora HP LaserJet,Cómputo,20,17.42,3,2342.61,3253.62
T04,CD-Lima,Lima,P046,All-in-one Dell,Cómputo,1,13.25,3,1980.81,2751.13
T04,CD-Lima,Lima,P047,Mini PC Intel NUC,Cómputo,9,11.0,2,2009.5,2790.97
T04,CD-Lima,Lima,P048,Teclado mecánico Logitech,Cómputo,15,16.5,3,1407.93,1955.46
T04,CD-Lima,Lima,P049,Smartphone iPhone 15,Celulares y Tablets,13,11.08,2,3238.6,4498.05
T04,CD-Lima,Lima,P050,Smartphone Samsung S24,Celulares y Tablets,7,13.0,3,2417.29,3357.35
T04,CD-Lima,Lima,P051,Smartphone Xiaomi Redmi,Celulares y Tablets,22,12.67,3,1879.13,2609.9
T04,CD-Lima,Lima,P052,Tablet iPad 10,Celulares y Tablets,0,11.67,2,1919.08,2665.39
T04,CD-Lima,Lima,P053,Tablet Samsung Galaxy Tab,Celulares y Tablets,13,14.25,3,3376.54,4689.64
T04,CD-Lima,Lima,P054,Smartwatch Apple Watch,Celulares y Tablets,14,15.42,3,3559.53,4943.79
T04,CD-Lima,Lima,P055,Smartwatch Samsung Galaxy,Celulares y Tablets,15,8.83,2,2160.56,3000.78
T04,CD-Lima,Lima,P056,Auriculares AirPods,Celulares y Tablets,11,16.67,3,2205.43,3063.1
T04,CD-Lima,Lima,P057,Cargador inalámbrico,Celulares y Tablets,9,13.75,3,2553.78,3546.92
T04,CD-Lima,Lima,P058,Funda protectora,Celulares y Tablets,16,14.08,3,1406.56,1953.56
T04,CD-Lima,Lima,P059,Power bank Anker,Celulares y Tablets,6,14.42,3,2965.77,4119.13
T04,CD-Lima,Lima,P060,Smartphone Motorola G84,Celulares y Tablets,4,13.67,3,2022.02,2808.36
T04,CD-Lima,Lima,P061,Aire acondicionado LG 12000BTU,Climatización,12,24.75,5,852.36,1183.84
T04,CD-Lima,Lima,P062,AC Samsung Inverter,Climatización,58,24.42,5,1421.77,1974.68
T04,CD-Lima,Lima,P063,AC Midea 9000BTU,Climatización,28,15.42,3,788.03,1094.48
T04,CD-Lima,Lima,P064,Ventilador de pie,Climatización,54,23.08,5,593.3,824.03
T04,CD-Lima,Lima,P065,Ventilador de techo,Climatización,9,20.25,4,557.73,774.62
T04,CD-Lima,Lima,P066,Calefactor eléctrico,Climatización,10,17.0,3,226.48,314.56
T04,CD-Lima,Lima,P067,Humidificador,Climatización,43,21.5,4,1100.52,1528.5
T04,CD-Lima,Lima,P068,Deshumidificador,Climatización,36,23.83,5,1018.57,1414.68
T04,CD-Lima,Lima,P069,Purificador de aire Xiaomi,Climatización,28,20.42,4,823.35,1143.54
T04,CD-Lima,Lima,P070,Climatizador evaporativo,Climatización,2,18.92,4,914.13,1269.63
T04,CD-Lima,Lima,P071,Calefón a gas,Climatización,25,17.75,4,867.28,1204.56
T04,CD-Lima,Lima,P072,Terma eléctrica,Climatización,12,20.17,4,1473.8,2046.94
T04,CD-Lima,Lima,P073,Secadora de cabello Gama,Cuidado Personal,29,30.58,6,211.17,293.29
T04,CD-Lima,Lima,P074,Plancha de cabello Babyliss,Cuidado Personal,64,38.33,8,344.28,478.17
T04,CD-Lima,Lima,P075,Afeitadora Philips,Cuidado Personal,11,37.92,8,359.45,499.24
T04,CD-Lima,Lima,P076,Cortadora de cabello Wahl,Cuidado Personal,5,40.5,8,545.37,757.46
T04,CD-Lima,Lima,P077,Cepillo dental eléctrico,Cuidado Personal,57,38.67,8,534.62,742.53
T04,CD-Lima,Lima,P078,Depiladora Braun,Cuidado Personal,85,48.0,10,386.95,537.43
T04,CD-Lima,Lima,P079,Afeitadora Braun,Cuidado Personal,5,28.58,6,593.25,823.96
T04,CD-Lima,Lima,P080,Espejo con luz LED,Cuidado Personal,10,33.75,7,548.46,761.75
T04,CD-Lima,Lima,P081,Masajeador eléctrico,Cuidado Personal,117,49.08,10,244.56,339.66
T04,CD-Lima,Lima,P082,Rizadora Conair,Cuidado Personal,74,32.0,6,598.89,831.79
T04,CD-Lima,Lima,P083,Kit de manicura,Cuidado Personal,15,34.42,7,115.68,160.67
T04,CD-Lima,Lima,P084,Balanza digital,Cuidado Personal,80,45.0,9,464.58,645.25
T04,CD-Lima,Lima,P085,Cable HDMI 2m,Accesorios,50,37.5,8,521.11,723.77
T04,CD-Lima,Lima,P086,Cable USB-C,Accesorios,75,44.92,9,361.76,502.44
T04,CD-Lima,Lima,P087,Mouse inalámbrico,Accesorios,13,34.25,7,325.0,451.39
T04,CD-Lima,Lima,P088,Teclado inalámbrico,Accesorios,8,23.58,5,627.49,871.52
T04,CD-Lima,Lima,P089,Audífonos con micrófono,Accesorios,66,47.17,9,628.68,873.16
T04,CD-Lima,Lima,P090,Soporte para TV,Accesorios,33,43.92,9,554.98,770.8
T04,CD-Lima,Lima,P091,Regulador de voltaje,Accesorios,6,48.75,10,340.49,472.9
T04,CD-Lima,Lima,P092,Estabilizador,Accesorios,90,47.58,10,95.56,132.72
T04,CD-Lima,Lima,P093,UPS 1000VA,Accesorios,30,34.17,7,214.92,298.5
T04,CD-Lima,Lima,P094,Hub USB multipuerto,Accesorios,87,55.58,11,351.87,488.71
T04,CD-Lima,Lima,P095,Tarjeta SD 128GB,Accesorios,29,41.17,8,114.67,159.26
T04,CD-Lima,Lima,P096,Memoria USB 64GB,Accesorios,35,27.0,5,498.95,692.99
T05,CD-Lima,Lima,P001,Refrigeradora LG 340L,Línea Blanca,12,11.83,2,1932.38,2683.86
T05,CD-Lima,Lima,P002,Refrigeradora Samsung 450L,Línea Blanca,31,17.58,4,2799.88,3888.72
T05,CD-Lima,Lima,P003,Refrigeradora Bosch 280L,Línea Blanca,0,9.67,2,2491.98,3461.09
T05,CD-Lima,Lima,P004,Lavadora LG 15kg,Línea Blanca,11,9.75,2,2478.23,3441.98
T05,CD-Lima,Lima,P005,Lavadora Samsung 18kg,Línea Blanca,14,12.42,2,1363.49,1893.74
T05,CD-Lima,Lima,P006,Lavadora Whirlpool 14kg,Línea Blanca,12,9.17,2,1461.59,2029.99
T05,CD-Lima,Lima,P007,Secadora Electrolux 10kg,Línea Blanca,0,12.58,3,3192.27,4433.71
T05,CD-Lima,Lima,P008,Cocina a gas Indurama 4H,Línea Blanca,30,12.17,2,3072.06,4266.75
T05,CD-Lima,Lima,P009,Cocina eléctrica Mabe 4H,Línea Blanca,21,12.67,3,2777.0,3856.95
T05,CD-Lima,Lima,P010,Campana extractora Bosch,Línea Blanca,10,12.67,3,3239.19,4498.87
T05,CD-Lima,Lima,P011,Horno empotrado Electrolux,Línea Blanca,29,14.42,3,2084.28,2894.84
T05,CD-Lima,Lima,P012,Lavaplatos Frigidaire,Línea Blanca,4,14.33,3,1045.34,1451.86
T05,CD-Lima,Lima,P013,Smart TV LG 55,TV y Audio,13,9.75,2,1672.78,2323.3
T05,CD-Lima,Lima,P014,Smart TV Samsung 65,TV y Audio,6,12.17,2,2188.5,3039.59
T05,CD-Lima,Lima,P015,Smart TV Sony 75,TV y Audio,16,12.42,2,1558.08,2164.0
T05,CD-Lima,Lima,P016,Smart TV TCL 50,TV y Audio,31,14.58,3,1950.9,2709.58
T05,CD-Lima,Lima,P017,TV OLED LG 65,TV y Audio,6,13.58,3,2946.51,4092.37
T05,CD-Lima,Lima,P018,Soundbar Samsung 5.1,TV y Audio,9,11.5,2,2536.65,3523.12
T05,CD-Lima,Lima,P019,Soundbar JBL 2.1,TV y Audio,23,13.92,3,2235.96,3105.5
T05,CD-Lima,Lima,P020,Home theater Sony,TV y Audio,16,11.75,2,922.78,1281.64
T05,CD-Lima,Lima,P021,Parlante Bluetooth JBL,TV y Audio,18,11.75,2,2553.01,3545.85
T05,CD-Lima,Lima,P022,Audífonos Sony WH-1000,TV y Audio,1,10.0,2,1727.78,2399.69
T05,CD-Lima,Lima,P023,Barra Bose 900,TV y Audio,5,10.33,2,1867.19,2593.32
T05,CD-Lima,Lima,P024,Receptor AV Yamaha,TV y Audio,12,14.17,3,1811.48,2515.95
T05,CD-Lima,Lima,P025,Licuadora Oster 700W,Pequeños Electrodomésticos,6,21.58,4,403.41,560.29
T05,CD-Lima,Lima,P026,Licuadora Philips 1000W,Pequeños Electrodomésticos,116,48.58,10,351.89,488.73
T05,CD-Lima,Lima,P027,Microondas LG 32L,Pequeños Electrodomésticos,7,42.75,9,126.35,175.49
T05,CD-Lima,Lima,P028,Microondas Panasonic 25L,Pequeños Electrodomésticos,24,36.25,7,356.55,495.21
T05,CD-Lima,Lima,P029,Hervidor eléctrico Bosch,Pequeños Electrodomésticos,46,32.25,6,500.49,695.12
T05,CD-Lima,Lima,P030,Cafetera DeLonghi,Pequeños Electrodomésticos,28,46.67,9,411.94,572.14
T05,CD-Lima,Lima,P031,Freidora de aire Philips,Pequeños Electrodomésticos,42,49.33,10,347.51,482.65
T05,CD-Lima,Lima,P032,Aspiradora Dyson V11,Pequeños Electrodomésticos,60,30.83,6,598.85,831.74
T05,CD-Lima,Lima,P033,Plancha a vapor Rowenta,Pequeños Electrodomésticos,29,33.5,7,210.3,292.09
T05,CD-Lima,Lima,P034,Batidora KitchenAid,Pequeños Electrodomésticos,46,34.67,7,305.55,424.37
T05,CD-Lima,Lima,P035,Tostadora Oster,Pequeños Electrodomésticos,52,40.25,8,604.45,839.51
T05,CD-Lima,Lima,P036,Purificador de agua,Pequeños Electrodomésticos,11,34.83,7,340.52,472.94
T05,CD-Lima,Lima,P037,Laptop HP 15,Cómputo,28,14.33,3,2094.74,2909.36
T05,CD-Lima,Lima,P038,Laptop Lenovo ThinkPad,Cómputo,25,11.83,2,924.29,1283.74
T05,CD-Lima,Lima,P039,Laptop Asus VivoBook,Cómputo,27,15.67,3,1397.47,1940.93
T05,CD-Lima,Lima,P040,Laptop Dell Inspiron,Cómputo,2,10.58,2,1170.5,1625.7
T05,CD-Lima,Lima,P041,Monitor LG 27,Cómputo,23,11.25,2,980.16,1361.33
T05,CD-Lima,Lima,P042,Monitor Samsung 24,Cómputo,13,12.25,2,2538.28,3525.39
T05,CD-Lima,Lima,P043,Monitor BenQ 32,Cómputo,5,13.67,3,2971.09,4126.52
T05,CD-Lima,Lima,P044,Impresora Epson EcoTank,Cómputo,13,11.08,2,1107.72,1538.5
T05,CD-Lima,Lima,P045,Impresora HP LaserJet,Cómputo,13,12.83,3,2342.61,3253.62
T05,CD-Lima,Lima,P046,All-in-one Dell,Cómputo,25,11.0,2,1980.81,2751.13
T05,CD-Lima,Lima,P047,Mini PC Intel NUC,Cómputo,16,13.5,3,2009.5,2790.97
T05,CD-Lima,Lima,P048,Teclado mecánico Logitech,Cómputo,1,8.17,2,1407.93,1955.46
T05,CD-Lima,Lima,P049,Smartphone iPhone 15,Celulares y Tablets,7,13.17,3,3238.6,4498.05
T05,CD-Lima,Lima,P050,Smartphone Samsung S24,Celulares y Tablets,26,12.42,2,2417.29,3357.35
T05,CD-Lima,Lima,P051,Smartphone Xiaomi Redmi,Celulares y Tablets,25,10.83,2,1879.13,2609.9
T05,CD-Lima,Lima,P052,Tablet iPad 10,Celulares y Tablets,9,10.25,2,1919.08,2665.39
T05,CD-Lima,Lima,P053,Tablet Samsung Galaxy Tab,Celulares y Tablets,2,11.42,2,3376.54,4689.64
T05,CD-Lima,Lima,P054,Smartwatch Apple Watch,Celulares y Tablets,14,8.08,2,3559.53,4943.79
T05,CD-Lima,Lima,P055,Smartwatch Samsung Galaxy,Celulares y Tablets,26,13.0,3,2160.56,3000.78
T05,CD-Lima,Lima,P056,Auriculares AirPods,Celulares y Tablets,22,13.92,3,2205.43,3063.1
T05,CD-Lima,Lima,P057,Cargador inalámbrico,Celulares y Tablets,26,13.0,3,2553.78,3546.92
T05,CD-Lima,Lima,P058,Funda protectora,Celulares y Tablets,25,10.58,2,1406.56,1953.56
T05,CD-Lima,Lima,P059,Power bank Anker,Celulares y Tablets,37,15.08,3,2965.77,4119.13
T05,CD-Lima,Lima,P060,Smartphone Motorola G84,Celulares y Tablets,17,8.58,2,2022.02,2808.36
T05,CD-Lima,Lima,P061,Aire acondicionado LG 12000BTU,Climatización,12,14.83,3,852.36,1183.84
T05,CD-Lima,Lima,P062,AC Samsung Inverter,Climatización,14,14.92,3,1421.77,1974.68
T05,CD-Lima,Lima,P063,AC Midea 9000BTU,Climatización,51,27.25,5,788.03,1094.48
T05,CD-Lima,Lima,P064,Ventilador de pie,Climatización,36,19.42,4,593.3,824.03
T05,CD-Lima,Lima,P065,Ventilador de techo,Climatización,43,21.83,4,557.73,774.62
T05,CD-Lima,Lima,P066,Calefactor eléctrico,Climatización,19,14.58,3,226.48,314.56
T05,CD-Lima,Lima,P067,Humidificador,Climatización,16,15.75,3,1100.52,1528.5
T05,CD-Lima,Lima,P068,Deshumidificador,Climatización,11,23.0,5,1018.57,1414.68
T05,CD-Lima,Lima,P069,Purificador de aire Xiaomi,Climatización,30,21.25,4,823.35,1143.54
T05,CD-Lima,Lima,P070,Climatizador evaporativo,Climatización,43,21.33,4,914.13,1269.63
T05,CD-Lima,Lima,P071,Calefón a gas,Climatización,18,20.5,4,867.28,1204.56
T05,CD-Lima,Lima,P072,Terma eléctrica,Climatización,9,26.25,5,1473.8,2046.94
T05,CD-Lima,Lima,P073,Secadora de cabello Gama,Cuidado Personal,60,51.0,10,211.17,293.29
T05,CD-Lima,Lima,P074,Plancha de cabello Babyliss,Cuidado Personal,15,39.5,8,344.28,478.17
T05,CD-Lima,Lima,P075,Afeitadora Philips,Cuidado Personal,13,45.0,9,359.45,499.24
T05,CD-Lima,Lima,P076,Cortadora de cabello Wahl,Cuidado Personal,83,46.17,9,545.37,757.46
T05,CD-Lima,Lima,P077,Cepillo dental eléctrico,Cuidado Personal,34,30.83,6,534.62,742.53
T05,CD-Lima,Lima,P078,Depiladora Braun,Cuidado Personal,62,36.58,7,386.95,537.43
T05,CD-Lima,Lima,P079,Afeitadora Braun,Cuidado Personal,82,42.33,8,593.25,823.96
T05,CD-Lima,Lima,P080,Espejo con luz LED,Cuidado Personal,34,29.75,6,548.46,761.75
T05,CD-Lima,Lima,P081,Masajeador eléctrico,Cuidado Personal,44,43.17,9,244.56,339.66
T05,CD-Lima,Lima,P082,Rizadora Conair,Cuidado Personal,11,33.58,7,598.89,831.79
T05,CD-Lima,Lima,P083,Kit de manicura,Cuidado Personal,4,34.75,7,115.68,160.67
T05,CD-Lima,Lima,P084,Balanza digital,Cuidado Personal,17,33.25,7,464.58,645.25
T05,CD-Lima,Lima,P085,Cable HDMI 2m,Accesorios,102,43.58,9,521.11,723.77
T05,CD-Lima,Lima,P086,Cable USB-C,Accesorios,76,40.5,8,361.76,502.44
T05,CD-Lima,Lima,P087,Mouse inalámbrico,Accesorios,12,46.08,9,325.0,451.39
T05,CD-Lima,Lima,P088,Teclado inalámbrico,Accesorios,4,37.33,7,627.49,871.52
T05,CD-Lima,Lima,P089,Audífonos con micrófono,Accesorios,79,46.0,9,628.68,873.16
T05,CD-Lima,Lima,P090,Soporte para TV,Accesorios,59,43.33,9,554.98,770.8
T05,CD-Lima,Lima,P091,Regulador de voltaje,Accesorios,6,40.67,8,340.49,472.9
T05,CD-Lima,Lima,P092,Estabilizador,Accesorios,24,40.5,8,95.56,132.72
T05,CD-Lima,Lima,P093,UPS 1000VA,Accesorios,97,48.67,10,214.92,298.5
T05,CD-Lima,Lima,P094,Hub USB multipuerto,Accesorios,90,46.42,9,351.87,488.71
T05,CD-Lima,Lima,P095,Tarjeta SD 128GB,Accesorios,44,28.67,6,114.67,159.26
T05,CD-Lima,Lima,P096,Memoria USB 64GB,Accesorios,67,38.08,8,498.95,692.99
T06,CD-Lima,Lima,P001,Refrigeradora LG 340L,Línea Blanca,13,8.25,2,1932.38,2683.86
T06,CD-Lima,Lima,P002,Refrigeradora Samsung 450L,Línea Blanca,25,17.5,4,2799.88,3888.72
T06,CD-Lima,Lima,P003,Refrigeradora Bosch 280L,Línea Blanca,30,13.5,3,2491.98,3461.09
T06,CD-Lima,Lima,P004,Lavadora LG 15kg,Línea Blanca,17,12.33,2,2478.23,3441.98
T06,CD-Lima,Lima,P005,Lavadora Samsung 18kg,Línea Blanca,17,11.75,2,1363.49,1893.74
T06,CD-Lima,Lima,P006,Lavadora Whirlpool 14kg,Línea Blanca,18,14.5,3,1461.59,2029.99
T06,CD-Lima,Lima,P007,Secadora Electrolux 10kg,Línea Blanca,13,12.5,2,3192.27,4433.71
T06,CD-Lima,Lima,P008,Cocina a gas Indurama 4H,Línea Blanca,36,14.5,3,3072.06,4266.75
T06,CD-Lima,Lima,P009,Cocina eléctrica Mabe 4H,Línea Blanca,16,10.5,2,2777.0,3856.95
T06,CD-Lima,Lima,P010,Campana extractora Bosch,Línea Blanca,29,12.25,2,3239.19,4498.87
T06,CD-Lima,Lima,P011,Horno empotrado Electrolux,Línea Blanca,31,14.08,3,2084.28,2894.84
T06,CD-Lima,Lima,P012,Lavaplatos Frigidaire,Línea Blanca,26,15.08,3,1045.34,1451.86
T06,CD-Lima,Lima,P013,Smart TV LG 55,TV y Audio,13,10.58,2,1672.78,2323.3
T06,CD-Lima,Lima,P014,Smart TV Samsung 65,TV y Audio,18,11.92,2,2188.5,3039.59
T06,CD-Lima,Lima,P015,Smart TV Sony 75,TV y Audio,3,12.17,2,1558.08,2164.0
T06,CD-Lima,Lima,P016,Smart TV TCL 50,TV y Audio,19,11.58,2,1950.9,2709.58
T06,CD-Lima,Lima,P017,TV OLED LG 65,TV y Audio,11,14.83,3,2946.51,4092.37
T06,CD-Lima,Lima,P018,Soundbar Samsung 5.1,TV y Audio,3,17.75,4,2536.65,3523.12
T06,CD-Lima,Lima,P019,Soundbar JBL 2.1,TV y Audio,3,13.25,3,2235.96,3105.5
T06,CD-Lima,Lima,P020,Home theater Sony,TV y Audio,7,14.33,3,922.78,1281.64
T06,CD-Lima,Lima,P021,Parlante Bluetooth JBL,TV y Audio,7,11.92,2,2553.01,3545.85
T06,CD-Lima,Lima,P022,Audífonos Sony WH-1000,TV y Audio,1,8.5,2,1727.78,2399.69
T06,CD-Lima,Lima,P023,Barra Bose 900,TV y Audio,24,14.58,3,1867.19,2593.32
T06,CD-Lima,Lima,P024,Receptor AV Yamaha,TV y Audio,19,15.25,3,1811.48,2515.95
T06,CD-Lima,Lima,P025,Licuadora Oster 700W,Pequeños Electrodomésticos,58,29.17,6,403.41,560.29
T06,CD-Lima,Lima,P026,Licuadora Philips 1000W,Pequeños Electrodomésticos,58,42.92,9,351.89,488.73
T06,CD-Lima,Lima,P027,Microondas LG 32L,Pequeños Electrodomésticos,17,34.83,7,126.35,175.49
T06,CD-Lima,Lima,P028,Microondas Panasonic 25L,Pequeños Electrodomésticos,18,35.58,7,356.55,495.21
T06,CD-Lima,Lima,P029,Hervidor eléctrico Bosch,Pequeños Electrodomésticos,66,37.67,8,500.49,695.12
T06,CD-Lima,Lima,P030,Cafetera DeLonghi,Pequeños Electrodomésticos,22,45.92,9,411.94,572.14
T06,CD-Lima,Lima,P031,Freidora de aire Philips,Pequeños Electrodomésticos,24,38.83,8,347.51,482.65
T06,CD-Lima,Lima,P032,Aspiradora Dyson V11,Pequeños Electrodomésticos,53,41.5,8,598.85,831.74
T06,CD-Lima,Lima,P033,Plancha a vapor Rowenta,Pequeños Electrodomésticos,90,37.08,7,210.3,292.09
T06,CD-Lima,Lima,P034,Batidora KitchenAid,Pequeños Electrodomésticos,100,44.83,9,305.55,424.37
T06,CD-Lima,Lima,P035,Tostadora Oster,Pequeños Electrodomésticos,6,32.5,6,604.45,839.51
T06,CD-Lima,Lima,P036,Purificador de agua,Pequeños Electrodomésticos,42,39.33,8,340.52,472.94
T06,CD-Lima,Lima,P037,Laptop HP 15,Cómputo,0,11.0,2,2094.74,2909.36
T06,CD-Lima,Lima,P038,Laptop Lenovo ThinkPad,Cómputo,6,11.25,2,924.29,1283.74
T06,CD-Lima,Lima,P039,Laptop Asus VivoBook,Cómputo,13,9.92,2,1397.47,1940.93
T06,CD-Lima,Lima,P040,Laptop Dell Inspiron,Cómputo,7,12.08,2,1170.5,1625.7
T06,CD-Lima,Lima,P041,Monitor LG 27,Cómputo,34,14.83,3,980.16,1361.33
T06,CD-Lima,Lima,P042,Monitor Samsung 24,Cómputo,12,12.25,2,2538.28,3525.39
T06,CD-Lima,Lima,P043,Monitor BenQ 32,Cómputo,28,15.5,3,2971.09,4126.52
T06,CD-Lima,Lima,P044,Impresora Epson EcoTank,Cómputo,19,16.75,3,1107.72,1538.5
T06,CD-Lima,Lima,P045,Impresora HP LaserJet,Cómputo,28,15.0,3,2342.61,3253.62
T06,CD-Lima,Lima,P046,All-in-one Dell,Cómputo,24,10.83,2,1980.81,2751.13
T06,CD-Lima,Lima,P047,Mini PC Intel NUC,Cómputo,9,11.17,2,2009.5,2790.97
T06,CD-Lima,Lima,P048,Teclado mecánico Logitech,Cómputo,20,11.25,2,1407.93,1955.46
T06,CD-Lima,Lima,P049,Smartphone iPhone 15,Celulares y Tablets,18,10.92,2,3238.6,4498.05
T06,CD-Lima,Lima,P050,Smartphone Samsung S24,Celulares y Tablets,23,12.25,2,2417.29,3357.35
T06,CD-Lima,Lima,P051,Smartphone Xiaomi Redmi,Celulares y Tablets,26,13.42,3,1879.13,2609.9
T06,CD-Lima,Lima,P052,Tablet iPad 10,Celulares y Tablets,32,14.92,3,1919.08,2665.39
T06,CD-Lima,Lima,P053,Tablet Samsung Galaxy Tab,Celulares y Tablets,5,11.33,2,3376.54,4689.64
T06,CD-Lima,Lima,P054,Smartwatch Apple Watch,Celulares y Tablets,20,8.75,2,3559.53,4943.79
T06,CD-Lima,Lima,P055,Smartwatch Samsung Galaxy,Celulares y Tablets,26,12.67,3,2160.56,3000.78
T06,CD-Lima,Lima,P056,Auriculares AirPods,Celulares y Tablets,33,15.17,3,2205.43,3063.1
T06,CD-Lima,Lima,P057,Cargador inalámbrico,Celulares y Tablets,30,12.67,3,2553.78,3546.92
T06,CD-Lima,Lima,P058,Funda protectora,Celulares y Tablets,17,12.58,3,1406.56,1953.56
T06,CD-Lima,Lima,P059,Power bank Anker,Celulares y Tablets,19,11.17,2,2965.77,4119.13
T06,CD-Lima,Lima,P060,Smartphone Motorola G84,Celulares y Tablets,29,17.75,4,2022.02,2808.36
T06,CD-Lima,Lima,P061,Aire acondicionado LG 12000BTU,Climatización,53,25.17,5,852.36,1183.84
T06,CD-Lima,Lima,P062,AC Samsung Inverter,Climatización,19,17.83,4,1421.77,1974.68
T06,CD-Lima,Lima,P063,AC Midea 9000BTU,Climatización,49,21.75,4,788.03,1094.48
T06,CD-Lima,Lima,P064,Ventilador de pie,Climatización,19,19.17,4,593.3,824.03
T06,CD-Lima,Lima,P065,Ventilador de techo,Climatización,5,19.33,4,557.73,774.62
T06,CD-Lima,Lima,P066,Calefactor eléctrico,Climatización,47,22.25,4,226.48,314.56
T06,CD-Lima,Lima,P067,Humidificador,Climatización,20,16.92,3,1100.52,1528.5
T06,CD-Lima,Lima,P068,Deshumidificador,Climatización,16,20.08,4,1018.57,1414.68
T06,CD-Lima,Lima,P069,Purificador de aire Xiaomi,Climatización,10,21.0,4,823.35,1143.54
T06,CD-Lima,Lima,P070,Climatizador evaporativo,Climatización,15,20.58,4,914.13,1269.63
T06,CD-Lima,Lima,P071,Calefón a gas,Climatización,4,18.25,4,867.28,1204.56
T06,CD-Lima,Lima,P072,Terma eléctrica,Climatización,37,19.75,4,1473.8,2046.94
T06,CD-Lima,Lima,P073,Secadora de cabello Gama,Cuidado Personal,110,46.42,9,211.17,293.29
T06,CD-Lima,Lima,P074,Plancha de cabello Babyliss,Cuidado Personal,45,32.92,7,344.28,478.17
T06,CD-Lima,Lima,P075,Afeitadora Philips,Cuidado Personal,47,35.42,7,359.45,499.24
T06,CD-Lima,Lima,P076,Cortadora de cabello Wahl,Cuidado Personal,0,53.5,11,545.37,757.46
T06,CD-Lima,Lima,P077,Cepillo dental eléctrico,Cuidado Personal,85,36.33,7,534.62,742.53
T06,CD-Lima,Lima,P078,Depiladora Braun,Cuidado Personal,23,29.25,6,386.95,537.43
T06,CD-Lima,Lima,P079,Afeitadora Braun,Cuidado Personal,90,45.17,9,593.25,823.96
T06,CD-Lima,Lima,P080,Espejo con luz LED,Cuidado Personal,65,43.0,9,548.46,761.75
T06,CD-Lima,Lima,P081,Masajeador eléctrico,Cuidado Personal,65,54.0,11,244.56,339.66
T06,CD-Lima,Lima,P082,Rizadora Conair,Cuidado Personal,82,36.5,7,598.89,831.79
T06,CD-Lima,Lima,P083,Kit de manicura,Cuidado Personal,79,42.17,8,115.68,160.67
T06,CD-Lima,Lima,P084,Balanza digital,Cuidado Personal,83,45.67,9,464.58,645.25
T06,CD-Lima,Lima,P085,Cable HDMI 2m,Accesorios,1,39.08,8,521.11,723.77
T06,CD-Lima,Lima,P086,Cable USB-C,Accesorios,72,43.67,9,361.76,502.44
T06,CD-Lima,Lima,P087,Mouse inalámbrico,Accesorios,47,52.92,11,325.0,451.39
T06,CD-Lima,Lima,P088,Teclado inalámbrico,Accesorios,74,33.42,7,627.49,871.52
T06,CD-Lima,Lima,P089,Audífonos con micrófono,Accesorios,80,39.92,8,628.68,873.16
T06,CD-Lima,Lima,P090,Soporte para TV,Accesorios,88,40.75,8,554.98,770.8
T06,CD-Lima,Lima,P091,Regulador de voltaje,Accesorios,19,46.17,9,340.49,472.9
T06,CD-Lima,Lima,P092,Estabilizador,Accesorios,45,38.0,8,95.56,132.72
T06,CD-Lima,Lima,P093,UPS 1000VA,Accesorios,29,43.17,9,214.92,298.5
T06,CD-Lima,Lima,P094,Hub USB multipuerto,Accesorios,59,48.5,10,351.87,488.71
T06,CD-Lima,Lima,P095,Tarjeta SD 128GB,Accesorios,37,34.75,7,114.67,159.26
T06,CD-Lima,Lima,P096,Memoria USB 64GB,Accesorios,88,47.42,9,498.95,692.99
T07,CD-Lima,Lima,P001,Refrigeradora LG 340L,Línea Blanca,21,13.25,3,1932.38,2683.86
T07,CD-Lima,Lima,P002,Refrigeradora Samsung 450L,Línea Blanca,17,17.33,3,2799.88,3888.72
T07,CD-Lima,Lima,P003,Refrigeradora Bosch 280L,Línea Blanca,23,14.67,3,2491.98,3461.09
T07,CD-Lima,Lima,P004,Lavadora LG 15kg,Línea Blanca,6,11.92,2,2478.23,3441.98
T07,CD-Lima,Lima,P005,Lavadora Samsung 18kg,Línea Blanca,31,15.75,3,1363.49,1893.74
T07,CD-Lima,Lima,P006,Lavadora Whirlpool 14kg,Línea Blanca,14,11.75,2,1461.59,2029.99
T07,CD-Lima,Lima,P007,Secadora Electrolux 10kg,Línea Blanca,15,13.92,3,3192.27,4433.71
T07,CD-Lima,Lima,P008,Cocina a gas Indurama 4H,Línea Blanca,18,10.75,2,3072.06,4266.75
T07,CD-Lima,Lima,P009,Cocina eléctrica Mabe 4H,Línea Blanca,21,10.92,2,2777.0,3856.95
T07,CD-Lima,Lima,P010,Campana extractora Bosch,Línea Blanca,1,8.67,2,3239.19,4498.87
T07,CD-Lima,Lima,P011,Horno empotrado Electrolux,Línea Blanca,26,12.17,2,2084.28,2894.84
T07,CD-Lima,Lima,P012,Lavaplatos Frigidaire,Línea Blanca,16,11.92,2,1045.34,1451.86
T07,CD-Lima,Lima,P013,Smart TV LG 55,TV y Audio,16,14.58,3,1672.78,2323.3
T07,CD-Lima,Lima,P014,Smart TV Samsung 65,TV y Audio,4,14.17,3,2188.5,3039.59
T07,CD-Lima,Lima,P015,Smart TV Sony 75,TV y Audio,5,9.0,2,1558.08,2164.0
T07,CD-Lima,Lima,P016,Smart TV TCL 50,TV y Audio,8,14.58,3,1950.9,2709.58
T07,CD-Lima,Lima,P017,TV OLED LG 65,TV y Audio,5,10.75,2,2946.51,4092.37
T07,CD-Lima,Lima,P018,Soundbar Samsung 5.1,TV y Audio,17,9.17,2,2536.65,3523.12
T07,CD-Lima,Lima,P019,Soundbar JBL 2.1,TV y Audio,13,10.92,2,2235.96,3105.5
T07,CD-Lima,Lima,P020,Home theater Sony,TV y Audio,4,12.0,2,922.78,1281.64
T07,CD-Lima,Lima,P021,Parlante Bluetooth JBL,TV y Audio,21,10.5,2,2553.01,3545.85
T07,CD-Lima,Lima,P022,Audífonos Sony WH-1000,TV y Audio,37,15.0,3,1727.78,2399.69
T07,CD-Lima,Lima,P023,Barra Bose 900,TV y Audio,30,12.58,3,1867.19,2593.32
T07,CD-Lima,Lima,P024,Receptor AV Yamaha,TV y Audio,23,12.17,2,1811.48,2515.95
T07,CD-Lima,Lima,P025,Licuadora Oster 700W,Pequeños Electrodomésticos,27,45.17,9,403.41,560.29
T07,CD-Lima,Lima,P026,Licuadora Philips 1000W,Pequeños Electrodomésticos,10,43.42,9,351.89,488.73
T07,CD-Lima,Lima,P027,Microondas LG 32L,Pequeños Electrodomésticos,49,34.0,7,126.35,175.49
T07,CD-Lima,Lima,P028,Microondas Panasonic 25L,Pequeños Electrodomésticos,32,35.75,7,356.55,495.21
T07,CD-Lima,Lima,P029,Hervidor eléctrico Bosch,Pequeños Electrodomésticos,60,34.33,7,500.49,695.12
T07,CD-Lima,Lima,P030,Cafetera DeLonghi,Pequeños Electrodomésticos,100,45.17,9,411.94,572.14
T07,CD-Lima,Lima,P031,Freidora de aire Philips,Pequeños Electrodomésticos,20,39.33,8,347.51,482.65
T07,CD-Lima,Lima,P032,Aspiradora Dyson V11,Pequeños Electrodomésticos,27,30.42,6,598.85,831.74
T07,CD-Lima,Lima,P033,Plancha a vapor Rowenta,Pequeños Electrodomésticos,6,45.17,9,210.3,292.09
T07,CD-Lima,Lima,P034,Batidora KitchenAid,Pequeños Electrodomésticos,9,40.08,8,305.55,424.37
T07,CD-Lima,Lima,P035,Tostadora Oster,Pequeños Electrodomésticos,62,29.83,6,604.45,839.51
T07,CD-Lima,Lima,P036,Purificador de agua,Pequeños Electrodomésticos,24,35.42,7,340.52,472.94
T07,CD-Lima,Lima,P037,Laptop HP 15,Cómputo,6,9.75,2,2094.74,2909.36
T07,CD-Lima,Lima,P038,Laptop Lenovo ThinkPad,Cómputo,1,12.5,2,924.29,1283.74
T07,CD-Lima,Lima,P039,Laptop Asus VivoBook,Cómputo,3,12.58,3,1397.47,1940.93
T07,CD-Lima,Lima,P040,Laptop Dell Inspiron,Cómputo,20,13.5,3,1170.5,1625.7
T07,CD-Lima,Lima,P041,Monitor LG 27,Cómputo,8,12.0,2,980.16,1361.33
T07,CD-Lima,Lima,P042,Monitor Samsung 24,Cómputo,19,11.67,2,2538.28,3525.39
T07,CD-Lima,Lima,P043,Monitor BenQ 32,Cómputo,22,9.08,2,2971.09,4126.52
T07,CD-Lima,Lima,P044,Impresora Epson EcoTank,Cómputo,23,10.83,2,1107.72,1538.5
T07,CD-Lima,Lima,P045,Impresora HP LaserJet,Cómputo,27,13.42,3,2342.61,3253.62
T07,CD-Lima,Lima,P046,All-in-one Dell,Cómputo,18,11.33,2,1980.81,2751.13
T07,CD-Lima,Lima,P047,Mini PC Intel NUC,Cómputo,27,15.67,3,2009.5,2790.97
T07,CD-Lima,Lima,P048,Teclado mecánico Logitech,Cómputo,26,10.67,2,1407.93,1955.46
T07,CD-Lima,Lima,P049,Smartphone iPhone 15,Celulares y Tablets,18,8.67,2,3238.6,4498.05
T07,CD-Lima,Lima,P050,Smartphone Samsung S24,Celulares y Tablets,23,10.5,2,2417.29,3357.35
T07,CD-Lima,Lima,P051,Smartphone Xiaomi Redmi,Celulares y Tablets,28,13.58,3,1879.13,2609.9
T07,CD-Lima,Lima,P052,Tablet iPad 10,Celulares y Tablets,19,8.83,2,1919.08,2665.39
T07,CD-Lima,Lima,P053,Tablet Samsung Galaxy Tab,Celulares y Tablets,22,9.17,2,3376.54,4689.64
T07,CD-Lima,Lima,P054,Smartwatch Apple Watch,Celulares y Tablets,0,13.5,3,3559.53,4943.79
T07,CD-Lima,Lima,P055,Smartwatch Samsung Galaxy,Celulares y Tablets,14,17.92,4,2160.56,3000.78
T07,CD-Lima,Lima,P056,Auriculares AirPods,Celulares y Tablets,5,14.5,3,2205.43,3063.1
T07,CD-Lima,Lima,P057,Cargador inalámbrico,Celulares y Tablets,9,11.33,2,2553.78,3546.92
T07,CD-Lima,Lima,P058,Funda protectora,Celulares y Tablets,39,15.67,3,1406.56,1953.56
T07,CD-Lima,Lima,P059,Power bank Anker,Celulares y Tablets,19,14.83,3,2965.77,4119.13
T07,CD-Lima,Lima,P060,Smartphone Motorola G84,Celulares y Tablets,9,10.25,2,2022.02,2808.36
T07,CD-Lima,Lima,P061,Aire acondicionado LG 12000BTU,Climatización,27,14.5,3,852.36,1183.84
T07,CD-Lima,Lima,P062,AC Samsung Inverter,Climatización,36,16.75,3,1421.77,1974.68
T07,CD-Lima,Lima,P063,AC Midea 9000BTU,Climatización,33,24.25,5,788.03,1094.48
T07,CD-Lima,Lima,P064,Ventilador de pie,Climatización,18,18.08,4,593.3,824.03
T07,CD-Lima,Lima,P065,Ventilador de techo,Climatización,43,26.67,5,557.73,774.62
T07,CD-Lima,Lima,P066,Calefactor eléctrico,Climatización,19,16.08,3,226.48,314.56
T07,CD-Lima,Lima,P067,Humidificador,Climatización,25,20.92,4,1100.52,1528.5
T07,CD-Lima,Lima,P068,Deshumidificador,Climatización,22,14.58,3,1018.57,1414.68
T07,CD-Lima,Lima,P069,Purificador de aire Xiaomi,Climatización,29,17.75,4,823.35,1143.54
T07,CD-Lima,Lima,P070,Climatizador evaporativo,Climatización,21,26.42,5,914.13,1269.63
T07,CD-Lima,Lima,P071,Calefón a gas,Climatización,30,17.17,3,867.28,1204.56
T07,CD-Lima,Lima,P072,Terma eléctrica,Climatización,12,18.83,4,1473.8,2046.94
T07,CD-Lima,Lima,P073,Secadora de cabello Gama,Cuidado Personal,114,46.33,9,211.17,293.29
T07,CD-Lima,Lima,P074,Plancha de cabello Babyliss,Cuidado Personal,113,49.17,10,344.28,478.17
T07,CD-Lima,Lima,P075,Afeitadora Philips,Cuidado Personal,88,39.67,8,359.45,499.24
T07,CD-Lima,Lima,P076,Cortadora de cabello Wahl,Cuidado Personal,21,34.08,7,545.37,757.46
T07,CD-Lima,Lima,P077,Cepillo dental eléctrico,Cuidado Personal,14,54.67,11,534.62,742.53
T07,CD-Lima,Lima,P078,Depiladora Braun,Cuidado Personal,32,43.17,9,386.95,537.43
T07,CD-Lima,Lima,P079,Afeitadora Braun,Cuidado Personal,55,39.0,8,593.25,823.96
T07,CD-Lima,Lima,P080,Espejo con luz LED,Cuidado Personal,79,39.25,8,548.46,761.75
T07,CD-Lima,Lima,P081,Masajeador eléctrico,Cuidado Personal,120,59.08,12,244.56,339.66
T07,CD-Lima,Lima,P082,Rizadora Conair,Cuidado Personal,54,32.0,6,598.89,831.79
T07,CD-Lima,Lima,P083,Kit de manicura,Cuidado Personal,74,37.75,8,115.68,160.67
T07,CD-Lima,Lima,P084,Balanza digital,Cuidado Personal,36,43.5,9,464.58,645.25
T07,CD-Lima,Lima,P085,Cable HDMI 2m,Accesorios,43,36.58,7,521.11,723.77
T07,CD-Lima,Lima,P086,Cable USB-C,Accesorios,90,51.67,10,361.76,502.44
T07,CD-Lima,Lima,P087,Mouse inalámbrico,Accesorios,45,44.33,9,325.0,451.39
T07,CD-Lima,Lima,P088,Teclado inalámbrico,Accesorios,24,40.08,8,627.49,871.52
T07,CD-Lima,Lima,P089,Audífonos con micrófono,Accesorios,54,41.92,8,628.68,873.16
T07,CD-Lima,Lima,P090,Soporte para TV,Accesorios,83,52.58,11,554.98,770.8
T07,CD-Lima,Lima,P091,Regulador de voltaje,Accesorios,6,43.25,9,340.49,472.9
T07,CD-Lima,Lima,P092,Estabilizador,Accesorios,52,43.25,9,95.56,132.72
T07,CD-Lima,Lima,P093,UPS 1000VA,Accesorios,61,48.25,10,214.92,298.5
T07,CD-Lima,Lima,P094,Hub USB multipuerto,Accesorios,64,36.5,7,351.87,488.71
T07,CD-Lima,Lima,P095,Tarjeta SD 128GB,Accesorios,49,43.67,9,114.67,159.26
T07,CD-Lima,Lima,P096,Memoria USB 64GB,Accesorios,63,47.75,10,498.95,692.99
T08,CD-Lima,Lima,P001,Refrigeradora LG 340L,Línea Blanca,9,9.17,2,1932.38,2683.86
T08,CD-Lima,Lima,P002,Refrigeradora Samsung 450L,Línea Blanca,15,15.17,3,2799.88,3888.72
T08,CD-Lima,Lima,P003,Refrigeradora Bosch 280L,Línea Blanca,12,12.83,3,2491.98,3461.09
T08,CD-Lima,Lima,P004,Lavadora LG 15kg,Línea Blanca,14,10.67,2,2478.23,3441.98
T08,CD-Lima,Lima,P005,Lavadora Samsung 18kg,Línea Blanca,22,13.58,3,1363.49,1893.74
T08,CD-Lima,Lima,P006,Lavadora Whirlpool 14kg,Línea Blanca,15,17.25,3,1461.59,2029.99
T08,CD-Lima,Lima,P007,Secadora Electrolux 10kg,Línea Blanca,24,12.42,2,3192.27,4433.71
T08,CD-Lima,Lima,P008,Cocina a gas Indurama 4H,Línea Blanca,12,10.08,2,3072.06,4266.75
T08,CD-Lima,Lima,P009,Cocina eléctrica Mabe 4H,Línea Blanca,20,12.83,3,2777.0,3856.95
T08,CD-Lima,Lima,P010,Campana extractora Bosch,Línea Blanca,20,12.42,2,3239.19,4498.87
T08,CD-Lima,Lima,P011,Horno empotrado Electrolux,Línea Blanca,26,14.0,3,2084.28,2894.84
T08,CD-Lima,Lima,P012,Lavaplatos Frigidaire,Línea Blanca,13,10.25,2,1045.34,1451.86
T08,CD-Lima,Lima,P013,Smart TV LG 55,TV y Audio,28,11.67,2,1672.78,2323.3
T08,CD-Lima,Lima,P014,Smart TV Samsung 65,TV y Audio,2,13.17,3,2188.5,3039.59
T08,CD-Lima,Lima,P015,Smart TV Sony 75,TV y Audio,15,6.42,1,1558.08,2164.0
T08,CD-Lima,Lima,P016,Smart TV TCL 50,TV y Audio,15,6.33,1,1950.9,2709.58
T08,CD-Lima,Lima,P017,TV OLED LG 65,TV y Audio,17,12.33,2,2946.51,4092.37
T08,CD-Lima,Lima,P018,Soundbar Samsung 5.1,TV y Audio,7,15.25,3,2536.65,3523.12
T08,CD-Lima,Lima,P019,Soundbar JBL 2.1,TV y Audio,21,11.08,2,2235.96,3105.5
T08,CD-Lima,Lima,P020,Home theater Sony,TV y Audio,5,12.17,2,922.78,1281.64
T08,CD-Lima,Lima,P021,Parlante Bluetooth JBL,TV y Audio,7,15.58,3,2553.01,3545.85
T08,CD-Lima,Lima,P022,Audífonos Sony WH-1000,TV y Audio,21,10.75,2,1727.78,2399.69
T08,CD-Lima,Lima,P023,Barra Bose 900,TV y Audio,18,12.08,2,1867.19,2593.32
T08,CD-Lima,Lima,P024,Receptor AV Yamaha,TV y Audio,6,10.83,2,1811.48,2515.95
T08,CD-Lima,Lima,P025,Licuadora Oster 700W,Pequeños Electrodomésticos,19,47.17,9,403.41,560.29
T08,CD-Lima,Lima,P026,Licuadora Philips 1000W,Pequeños Electrodomésticos,21,43.67,9,351.89,488.73
T08,CD-Lima,Lima,P027,Microondas LG 32L,Pequeños Electrodomésticos,34,22.83,5,126.35,175.49
T08,CD-Lima,Lima,P028,Microondas Panasonic 25L,Pequeños Electrodomésticos,89,40.42,8,356.55,495.21
T08,CD-Lima,Lima,P029,Hervidor eléctrico Bosch,Pequeños Electrodomésticos,105,43.33,9,500.49,695.12
T08,CD-Lima,Lima,P030,Cafetera DeLonghi,Pequeños Electrodomésticos,36,32.33,6,411.94,572.14
T08,CD-Lima,Lima,P031,Freidora de aire Philips,Pequeños Electrodomésticos,84,48.33,10,347.51,482.65
T08,CD-Lima,Lima,P032,Aspiradora Dyson V11,Pequeños Electrodomésticos,59,38.67,8,598.85,831.74
T08,CD-Lima,Lima,P033,Plancha a vapor Rowenta,Pequeños Electrodomésticos,44,43.92,9,210.3,292.09
T08,CD-Lima,Lima,P034,Batidora KitchenAid,Pequeños Electrodomésticos,20,29.33,6,305.55,424.37
T08,CD-Lima,Lima,P035,Tostadora Oster,Pequeños Electrodomésticos,8,47.67,10,604.45,839.51
T08,CD-Lima,Lima,P036,Purificador de agua,Pequeños Electrodomésticos,71,39.33,8,340.52,472.94
T08,CD-Lima,Lima,P037,Laptop HP 15,Cómputo,8,10.5,2,2094.74,2909.36
T08,CD-Lima,Lima,P038,Laptop Lenovo ThinkPad,Cómputo,5,8.83,2,924.29,1283.74
T08,CD-Lima,Lima,P039,Laptop Asus VivoBook,Cómputo,8,8.83,2,1397.47,1940.93
T08,CD-Lima,Lima,P040,Laptop Dell Inspiron,Cómputo,20,12.25,2,1170.5,1625.7
T08,CD-Lima,Lima,P041,Monitor LG 27,Cómputo,7,15.58,3,980.16,1361.33
T08,CD-Lima,Lima,P042,Monitor Samsung 24,Cómputo,11,17.92,4,2538.28,3525.39
T08,CD-Lima,Lima,P043,Monitor BenQ 32,Cómputo,33,15.42,3,2971.09,4126.52
T08,CD-Lima,Lima,P044,Impresora Epson EcoTank,Cómputo,21,10.67,2,1107.72,1538.5
T08,CD-Lima,Lima,P045,Impresora HP LaserJet,Cómputo,6,13.33,3,2342.61,3253.62
T08,CD-Lima,Lima,P046,All-in-one Dell,Cómputo,3,10.08,2,1980.81,2751.13
T08,CD-Lima,Lima,P047,Mini PC Intel NUC,Cómputo,21,11.58,2,2009.5,2790.97
T08,CD-Lima,Lima,P048,Teclado mecánico Logitech,Cómputo,4,7.33,1,1407.93,1955.46
T08,CD-Lima,Lima,P049,Smartphone iPhone 15,Celulares y Tablets,8,16.25,3,3238.6,4498.05
T08,CD-Lima,Lima,P050,Smartphone Samsung S24,Celulares y Tablets,21,17.92,4,2417.29,3357.35
T08,CD-Lima,Lima,P051,Smartphone Xiaomi Redmi,Celulares y Tablets,25,13.17,3,1879.13,2609.9
T08,CD-Lima,Lima,P052,Tablet iPad 10,Celulares y Tablets,11,10.17,2,1919.08,2665.39
T08,CD-Lima,Lima,P053,Tablet Samsung Galaxy Tab,Celulares y Tablets,2,12.58,3,3376.54,4689.64
T08,CD-Lima,Lima,P054,Smartwatch Apple Watch,Celulares y Tablets,23,12.58,3,3559.53,4943.79
T08,CD-Lima,Lima,P055,Smartwatch Samsung Galaxy,Celulares y Tablets,33,14.42,3,2160.56,3000.78
T08,CD-Lima,Lima,P056,Auriculares AirPods,Celulares y Tablets,2,12.25,2,2205.43,3063.1
T08,CD-Lima,Lima,P057,Cargador inalámbrico,Celulares y Tablets,11,9.0,2,2553.78,3546.92
T08,CD-Lima,Lima,P058,Funda protectora,Celulares y Tablets,19,15.83,3,1406.56,1953.56
T08,CD-Lima,Lima,P059,Power bank Anker,Celulares y Tablets,18,11.17,2,2965.77,4119.13
T08,CD-Lima,Lima,P060,Smartphone Motorola G84,Celulares y Tablets,2,12.25,2,2022.02,2808.36
T08,CD-Lima,Lima,P061,Aire acondicionado LG 12000BTU,Climatización,31,17.0,3,852.36,1183.84
T08,CD-Lima,Lima,P062,AC Samsung Inverter,Climatización,10,17.67,4,1421.77,1974.68
T08,CD-Lima,Lima,P063,AC Midea 9000BTU,Climatización,44,21.25,4,788.03,1094.48
T08,CD-Lima,Lima,P064,Ventilador de pie,Climatización,15,13.75,3,593.3,824.03
T08,CD-Lima,Lima,P065,Ventilador de techo,Climatización,22,21.5,4,557.73,774.62
T08,CD-Lima,Lima,P066,Calefactor eléctrico,Climatización,2,19.83,4,226.48,314.56
T08,CD-Lima,Lima,P067,Humidificador,Climatización,28,17.67,4,1100.52,1528.5
T08,CD-Lima,Lima,P068,Deshumidificador,Climatización,40,21.42,4,1018.57,1414.68
T08,CD-Lima,Lima,P069,Purificador de aire Xiaomi,Climatización,12,19.08,4,823.35,1143.54
T08,CD-Lima,Lima,P070,Climatizador evaporativo,Climatización,21,15.83,3,914.13,1269.63
T08,CD-Lima,Lima,P071,Calefón a gas,Climatización,16,18.0,4,867.28,1204.56
T08,CD-Lima,Lima,P072,Terma eléctrica,Climatización,8,23.75,5,1473.8,2046.94
T08,CD-Lima,Lima,P073,Secadora de cabello Gama,Cuidado Personal,58,37.83,8,211.17,293.29
T08,CD-Lima,Lima,P074,Plancha de cabello Babyliss,Cuidado Personal,13,38.0,8,344.28,478.17
T08,CD-Lima,Lima,P075,Afeitadora Philips,Cuidado Personal,27,30.58,6,359.45,499.24
T08,CD-Lima,Lima,P076,Cortadora de cabello Wahl,Cuidado Personal,90,42.92,9,545.37,757.46
T08,CD-Lima,Lima,P077,Cepillo dental eléctrico,Cuidado Personal,0,43.25,9,534.62,742.53
T08,CD-Lima,Lima,P078,Depiladora Braun,Cuidado Personal,38,36.67,7,386.95,537.43
T08,CD-Lima,Lima,P079,Afeitadora Braun,Cuidado Personal,75,46.0,9,593.25,823.96
T08,CD-Lima,Lima,P080,Espejo con luz LED,Cuidado Personal,112,48.83,10,548.46,761.75
T08,CD-Lima,Lima,P081,Masajeador eléctrico,Cuidado Personal,62,45.58,9,244.56,339.66
T08,CD-Lima,Lima,P082,Rizadora Conair,Cuidado Personal,30,30.33,6,598.89,831.79
T08,CD-Lima,Lima,P083,Kit de manicura,Cuidado Personal,11,41.92,8,115.68,160.67
T08,CD-Lima,Lima,P084,Balanza digital,Cuidado Personal,62,42.08,8,464.58,645.25
T08,CD-Lima,Lima,P085,Cable HDMI 2m,Accesorios,114,45.83,9,521.11,723.77
T08,CD-Lima,Lima,P086,Cable USB-C,Accesorios,90,45.17,9,361.76,502.44
T08,CD-Lima,Lima,P087,Mouse inalámbrico,Accesorios,54,49.08,10,325.0,451.39
T08,CD-Lima,Lima,P088,Teclado inalámbrico,Accesorios,35,35.0,7,627.49,871.52
T08,CD-Lima,Lima,P089,Audífonos con micrófono,Accesorios,4,46.08,9,628.68,873.16
T08,CD-Lima,Lima,P090,Soporte para TV,Accesorios,14,30.92,6,554.98,770.8
T08,CD-Lima,Lima,P091,Regulador de voltaje,Accesorios,2,41.17,8,340.49,472.9
T08,CD-Lima,Lima,P092,Estabilizador,Accesorios,93,45.75,9,95.56,132.72
T08,CD-Lima,Lima,P093,UPS 1000VA,Accesorios,78,35.25,7,214.92,298.5
T08,CD-Lima,Lima,P094,Hub USB multipuerto,Accesorios,21,35.08,7,351.87,488.71
T08,CD-Lima,Lima,P095,Tarjeta SD 128GB,Accesorios,20,41.0,8,114.67,159.26
T08,CD-Lima,Lima,P096,Memoria USB 64GB,Accesorios,11,26.75,5,498.95,692.99
T09,CD-Lima,Lima,P001,Refrigeradora LG 340L,Línea Blanca,3,11.0,2,1932.38,2683.86
T09,CD-Lima,Lima,P002,Refrigeradora Samsung 450L,Línea Blanca,19,14.67,3,2799.88,3888.72
T09,CD-Lima,Lima,P003,Refrigeradora Bosch 280L,Línea Blanca,34,14.0,3,2491.98,3461.09
T09,CD-Lima,Lima,P004,Lavadora LG 15kg,Línea Blanca,0,12.0,2,2478.23,3441.98
T09,CD-Lima,Lima,P005,Lavadora Samsung 18kg,Línea Blanca,31,15.17,3,1363.49,1893.74
T09,CD-Lima,Lima,P006,Lavadora Whirlpool 14kg,Línea Blanca,16,13.17,3,1461.59,2029.99
T09,CD-Lima,Lima,P007,Secadora Electrolux 10kg,Línea Blanca,25,11.42,2,3192.27,4433.71
T09,CD-Lima,Lima,P008,Cocina a gas Indurama 4H,Línea Blanca,14,10.83,2,3072.06,4266.75
T09,CD-Lima,Lima,P009,Cocina eléctrica Mabe 4H,Línea Blanca,11,9.58,2,2777.0,3856.95
T09,CD-Lima,Lima,P010,Campana extractora Bosch,Línea Blanca,25,12.33,2,3239.19,4498.87
T09,CD-Lima,Lima,P011,Horno empotrado Electrolux,Línea Blanca,5,13.25,3,2084.28,2894.84
T09,CD-Lima,Lima,P012,Lavaplatos Frigidaire,Línea Blanca,25,12.25,2,1045.34,1451.86
T09,CD-Lima,Lima,P013,Smart TV LG 55,TV y Audio,31,14.92,3,1672.78,2323.3
T09,CD-Lima,Lima,P014,Smart TV Samsung 65,TV y Audio,3,14.33,3,2188.5,3039.59
T09,CD-Lima,Lima,P015,Smart TV Sony 75,TV y Audio,24,11.17,2,1558.08,2164.0
T09,CD-Lima,Lima,P016,Smart TV TCL 50,TV y Audio,19,11.5,2,1950.9,2709.58
T09,CD-Lima,Lima,P017,TV OLED LG 65,TV y Audio,4,11.25,2,2946.51,4092.37
T09,CD-Lima,Lima,P018,Soundbar Samsung 5.1,TV y Audio,26,11.92,2,2536.65,3523.12
T09,CD-Lima,Lima,P019,Soundbar JBL 2.1,TV y Audio,14,12.83,3,2235.96,3105.5
T09,CD-Lima,Lima,P020,Home theater Sony,TV y Audio,12,12.92,3,922.78,1281.64
T09,CD-Lima,Lima,P021,Parlante Bluetooth JBL,TV y Audio,10,7.5,2,2553.01,3545.85
T09,CD-Lima,Lima,P022,Audífonos Sony WH-1000,TV y Audio,1,7.67,2,1727.78,2399.69
T09,CD-Lima,Lima,P023,Barra Bose 900,TV y Audio,0,13.5,3,1867.19,2593.32
T09,CD-Lima,Lima,P024,Receptor AV Yamaha,TV y Audio,25,15.42,3,1811.48,2515.95
T09,CD-Lima,Lima,P025,Licuadora Oster 700W,Pequeños Electrodomésticos,55,55.33,11,403.41,560.29
T09,CD-Lima,Lima,P026,Licuadora Philips 1000W,Pequeños Electrodomésticos,9,43.42,9,351.89,488.73
T09,CD-Lima,Lima,P027,Microondas LG 32L,Pequeños Electrodomésticos,21,35.92,7,126.35,175.49
T09,CD-Lima,Lima,P028,Microondas Panasonic 25L,Pequeños Electrodomésticos,98,41.5,8,356.55,495.21
T09,CD-Lima,Lima,P029,Hervidor eléctrico Bosch,Pequeños Electrodomésticos,13,30.83,6,500.49,695.12
T09,CD-Lima,Lima,P030,Cafetera DeLonghi,Pequeños Electrodomésticos,16,40.58,8,411.94,572.14
T09,CD-Lima,Lima,P031,Freidora de aire Philips,Pequeños Electrodomésticos,84,48.33,10,347.51,482.65
T09,CD-Lima,Lima,P032,Aspiradora Dyson V11,Pequeños Electrodomésticos,50,42.92,9,598.85,831.74
T09,CD-Lima,Lima,P033,Plancha a vapor Rowenta,Pequeños Electrodomésticos,84,35.5,7,210.3,292.09
T09,CD-Lima,Lima,P034,Batidora KitchenAid,Pequeños Electrodomésticos,70,32.83,7,305.55,424.37
T09,CD-Lima,Lima,P035,Tostadora Oster,Pequeños Electrodomésticos,64,39.25,8,604.45,839.51
T09,CD-Lima,Lima,P036,Purificador de agua,Pequeños Electrodomésticos,37,48.08,10,340.52,472.94
T09,CD-Lima,Lima,P037,Laptop HP 15,Cómputo,8,11.83,2,2094.74,2909.36
T09,CD-Lima,Lima,P038,Laptop Lenovo ThinkPad,Cómputo,16,13.42,3,924.29,1283.74
T09,CD-Lima,Lima,P039,Laptop Asus VivoBook,Cómputo,9,14.5,3,1397.47,1940.93
T09,CD-Lima,Lima,P040,Laptop Dell Inspiron,Cómputo,13,12.5,2,1170.5,1625.7
T09,CD-Lima,Lima,P041,Monitor LG 27,Cómputo,20,8.75,2,980.16,1361.33
T09,CD-Lima,Lima,P042,Monitor Samsung 24,Cómputo,5,10.0,2,2538.28,3525.39
T09,CD-Lima,Lima,P043,Monitor BenQ 32,Cómputo,25,14.75,3,2971.09,4126.52
T09,CD-Lima,Lima,P044,Impresora Epson EcoTank,Cómputo,8,16.42,3,1107.72,1538.5
T09,CD-Lima,Lima,P045,Impresora HP LaserJet,Cómputo,11,9.83,2,2342.61,3253.62
T09,CD-Lima,Lima,P046,All-in-one Dell,Cómputo,14,9.42,2,1980.81,2751.13
T09,CD-Lima,Lima,P047,Mini PC Intel NUC,Cómputo,12,8.08,2,2009.5,2790.97
T09,CD-Lima,Lima,P048,Teclado mecánico Logitech,Cómputo,22,11.42,2,1407.93,1955.46
T09,CD-Lima,Lima,P049,Smartphone iPhone 15,Celulares y Tablets,3,13.0,3,3238.6,4498.05
T09,CD-Lima,Lima,P050,Smartphone Samsung S24,Celulares y Tablets,8,13.83,3,2417.29,3357.35
T09,CD-Lima,Lima,P051,Smartphone Xiaomi Redmi,Celulares y Tablets,14,11.75,2,1879.13,2609.9
T09,CD-Lima,Lima,P052,Tablet iPad 10,Celulares y Tablets,14,11.25,2,1919.08,2665.39
T09,CD-Lima,Lima,P053,Tablet Samsung Galaxy Tab,Celulares y Tablets,0,7.92,2,3376.54,4689.64
T09,CD-Lima,Lima,P054,Smartwatch Apple Watch,Celulares y Tablets,29,12.75,3,3559.53,4943.79
T09,CD-Lima,Lima,P055,Smartwatch Samsung Galaxy,Celulares y Tablets,38,17.25,3,2160.56,3000.78
T09,CD-Lima,Lima,P056,Auriculares AirPods,Celulares y Tablets,15,13.42,3,2205.43,3063.1
T09,CD-Lima,Lima,P057,Cargador inalámbrico,Celulares y Tablets,0,14.75,3,2553.78,3546.92
T09,CD-Lima,Lima,P058,Funda protectora,Celulares y Tablets,24,10.17,2,1406.56,1953.56
T09,CD-Lima,Lima,P059,Power bank Anker,Celulares y Tablets,0,12.83,3,2965.77,4119.13
T09,CD-Lima,Lima,P060,Smartphone Motorola G84,Celulares y Tablets,4,12.67,3,2022.02,2808.36
T09,CD-Lima,Lima,P061,Aire acondicionado LG 12000BTU,Climatización,12,24.33,5,852.36,1183.84
T09,CD-Lima,Lima,P062,AC Samsung Inverter,Climatización,38,16.5,3,1421.77,1974.68
T09,CD-Lima,Lima,P063,AC Midea 9000BTU,Climatización,50,21.75,4,788.03,1094.48
T09,CD-Lima,Lima,P064,Ventilador de pie,Climatización,31,16.83,3,593.3,824.03
T09,CD-Lima,Lima,P065,Ventilador de techo,Climatización,34,22.75,5,557.73,774.62
T09,CD-Lima,Lima,P066,Calefactor eléctrico,Climatización,9,17.25,3,226.48,314.56
T09,CD-Lima,Lima,P067,Humidificador,Climatización,17,18.42,4,1100.52,1528.5
T09,CD-Lima,Lima,P068,Deshumidificador,Climatización,25,20.92,4,1018.57,1414.68
T09,CD-Lima,Lima,P069,Purificador de aire Xiaomi,Climatización,24,15.92,3,823.35,1143.54
T09,CD-Lima,Lima,P070,Climatizador evaporativo,Climatización,10,26.0,5,914.13,1269.63
T09,CD-Lima,Lima,P071,Calefón a gas,Climatización,41,18.83,4,867.28,1204.56
T09,CD-Lima,Lima,P072,Terma eléctrica,Climatización,12,12.25,2,1473.8,2046.94
T09,CD-Lima,Lima,P073,Secadora de cabello Gama,Cuidado Personal,42,40.75,8,211.17,293.29
T09,CD-Lima,Lima,P074,Plancha de cabello Babyliss,Cuidado Personal,43,35.67,7,344.28,478.17
T09,CD-Lima,Lima,P075,Afeitadora Philips,Cuidado Personal,17,20.92,4,359.45,499.24
T09,CD-Lima,Lima,P076,Cortadora de cabello Wahl,Cuidado Personal,33,34.92,7,545.37,757.46
T09,CD-Lima,Lima,P077,Cepillo dental eléctrico,Cuidado Personal,54,34.83,7,534.62,742.53
T09,CD-Lima,Lima,P078,Depiladora Braun,Cuidado Personal,56,36.67,7,386.95,537.43
T09,CD-Lima,Lima,P079,Afeitadora Braun,Cuidado Personal,50,32.42,6,593.25,823.96
T09,CD-Lima,Lima,P080,Espejo con luz LED,Cuidado Personal,16,50.08,10,548.46,761.75
T09,CD-Lima,Lima,P081,Masajeador eléctrico,Cuidado Personal,36,41.25,8,244.56,339.66
T09,CD-Lima,Lima,P082,Rizadora Conair,Cuidado Personal,94,40.08,8,598.89,831.79
T09,CD-Lima,Lima,P083,Kit de manicura,Cuidado Personal,17,32.0,6,115.68,160.67
T09,CD-Lima,Lima,P084,Balanza digital,Cuidado Personal,3,46.42,9,464.58,645.25
T09,CD-Lima,Lima,P085,Cable HDMI 2m,Accesorios,57,48.75,10,521.11,723.77
T09,CD-Lima,Lima,P086,Cable USB-C,Accesorios,0,44.83,9,361.76,502.44
T09,CD-Lima,Lima,P087,Mouse inalámbrico,Accesorios,35,33.67,7,325.0,451.39
T09,CD-Lima,Lima,P088,Teclado inalámbrico,Accesorios,29,43.33,9,627.49,871.52
T09,CD-Lima,Lima,P089,Audífonos con micrófono,Accesorios,46,32.67,7,628.68,873.16
T09,CD-Lima,Lima,P090,Soporte para TV,Accesorios,9,44.17,9,554.98,770.8
T09,CD-Lima,Lima,P091,Regulador de voltaje,Accesorios,85,39.42,8,340.49,472.9
T09,CD-Lima,Lima,P092,Estabilizador,Accesorios,16,42.75,9,95.56,132.72
T09,CD-Lima,Lima,P093,UPS 1000VA,Accesorios,39,20.42,4,214.92,298.5
T09,CD-Lima,Lima,P094,Hub USB multipuerto,Accesorios,21,49.08,10,351.87,488.71
T09,CD-Lima,Lima,P095,Tarjeta SD 128GB,Accesorios,41,46.25,9,114.67,159.26
T09,CD-Lima,Lima,P096,Memoria USB 64GB,Accesorios,12,38.17,8,498.95,692.99
T10,CD-Lima,Lima,P001,Refrigeradora LG 340L,Línea Blanca,10,12.67,3,1932.38,2683.86
T10,CD-Lima,Lima,P002,Refrigeradora Samsung 450L,Línea Blanca,7,11.83,2,2799.88,3888.72
T10,CD-Lima,Lima,P003,Refrigeradora Bosch 280L,Línea Blanca,26,12.0,2,2491.98,3461.09
T10,CD-Lima,Lima,P004,Lavadora LG 15kg,Línea Blanca,16,14.58,3,2478.23,3441.98
T10,CD-Lima,Lima,P005,Lavadora Samsung 18kg,Línea Blanca,13,10.17,2,1363.49,1893.74
T10,CD-Lima,Lima,P006,Lavadora Whirlpool 14kg,Línea Blanca,26,12.17,2,1461.59,2029.99
T10,CD-Lima,Lima,P007,Secadora Electrolux 10kg,Línea Blanca,23,11.67,2,3192.27,4433.71
T10,CD-Lima,Lima,P008,Cocina a gas Indurama 4H,Línea Blanca,26,13.42,3,3072.06,4266.75
T10,CD-Lima,Lima,P009,Cocina eléctrica Mabe 4H,Línea Blanca,19,11.25,2,2777.0,3856.95
T10,CD-Lima,Lima,P010,Campana extractora Bosch,Línea Blanca,14,12.58,3,3239.19,4498.87
T10,CD-Lima,Lima,P011,Horno empotrado Electrolux,Línea Blanca,33,14.67,3,2084.28,2894.84
T10,CD-Lima,Lima,P012,Lavaplatos Frigidaire,Línea Blanca,18,13.67,3,1045.34,1451.86
T10,CD-Lima,Lima,P013,Smart TV LG 55,TV y Audio,1,12.75,3,1672.78,2323.3
T10,CD-Lima,Lima,P014,Smart TV Samsung 65,TV y Audio,25,12.58,3,2188.5,3039.59
T10,CD-Lima,Lima,P015,Smart TV Sony 75,TV y Audio,17,11.75,2,1558.08,2164.0
T10,CD-Lima,Lima,P016,Smart TV TCL 50,TV y Audio,5,10.67,2,1950.9,2709.58
T10,CD-Lima,Lima,P017,TV OLED LG 65,TV y Audio,15,16.17,3,2946.51,4092.37
T10,CD-Lima,Lima,P018,Soundbar Samsung 5.1,TV y Audio,28,16.33,3,2536.65,3523.12
T10,CD-Lima,Lima,P019,Soundbar JBL 2.1,TV y Audio,6,13.25,3,2235.96,3105.5
T10,CD-Lima,Lima,P020,Home theater Sony,TV y Audio,5,13.58,3,922.78,1281.64
T10,CD-Lima,Lima,P021,Parlante Bluetooth JBL,TV y Audio,25,13.08,3,2553.01,3545.85
T10,CD-Lima,Lima,P022,Audífonos Sony WH-1000,TV y Audio,7,12.0,2,1727.78,2399.69
T10,CD-Lima,Lima,P023,Barra Bose 900,TV y Audio,21,13.33,3,1867.19,2593.32
T10,CD-Lima,Lima,P024,Receptor AV Yamaha,TV y Audio,11,7.75,2,1811.48,2515.95
T10,CD-Lima,Lima,P025,Licuadora Oster 700W,Pequeños Electrodomésticos,38,32.58,7,403.41,560.29
T10,CD-Lima,Lima,P026,Licuadora Philips 1000W,Pequeños Electrodomésticos,67,42.25,8,351.89,488.73
T10,CD-Lima,Lima,P027,Microondas LG 32L,Pequeños Electrodomésticos,38,44.0,9,126.35,175.49
T10,CD-Lima,Lima,P028,Microondas Panasonic 25L,Pequeños Electrodomésticos,4,33.25,7,356.55,495.21
T10,CD-Lima,Lima,P029,Hervidor eléctrico Bosch,Pequeños Electrodomésticos,33,45.5,9,500.49,695.12
T10,CD-Lima,Lima,P030,Cafetera DeLonghi,Pequeños Electrodomésticos,10,42.0,8,411.94,572.14
T10,CD-Lima,Lima,P031,Freidora de aire Philips,Pequeños Electrodomésticos,49,38.17,8,347.51,482.65
T10,CD-Lima,Lima,P032,Aspiradora Dyson V11,Pequeños Electrodomésticos,56,38.08,8,598.85,831.74
T10,CD-Lima,Lima,P033,Plancha a vapor Rowenta,Pequeños Electrodomésticos,60,35.67,7,210.3,292.09
T10,CD-Lima,Lima,P034,Batidora KitchenAid,Pequeños Electrodomésticos,54,52.08,10,305.55,424.37
T10,CD-Lima,Lima,P035,Tostadora Oster,Pequeños Electrodomésticos,72,47.25,9,604.45,839.51
T10,CD-Lima,Lima,P036,Purificador de agua,Pequeños Electrodomésticos,38,41.08,8,340.52,472.94
T10,CD-Lima,Lima,P037,Laptop HP 15,Cómputo,6,12.42,2,2094.74,2909.36
T10,CD-Lima,Lima,P038,Laptop Lenovo ThinkPad,Cómputo,8,9.92,2,924.29,1283.74
T10,CD-Lima,Lima,P039,Laptop Asus VivoBook,Cómputo,16,10.17,2,1397.47,1940.93
T10,CD-Lima,Lima,P040,Laptop Dell Inspiron,Cómputo,3,11.92,2,1170.5,1625.7
T10,CD-Lima,Lima,P041,Monitor LG 27,Cómputo,12,14.25,3,980.16,1361.33
T10,CD-Lima,Lima,P042,Monitor Samsung 24,Cómputo,25,11.17,2,2538.28,3525.39
T10,CD-Lima,Lima,P043,Monitor BenQ 32,Cómputo,22,8.83,2,2971.09,4126.52
T10,CD-Lima,Lima,P044,Impresora Epson EcoTank,Cómputo,36,14.5,3,1107.72,1538.5
T10,CD-Lima,Lima,P045,Impresora HP LaserJet,Cómputo,9,9.5,2,2342.61,3253.62
T10,CD-Lima,Lima,P046,All-in-one Dell,Cómputo,33,13.92,3,1980.81,2751.13
T10,CD-Lima,Lima,P047,Mini PC Intel NUC,Cómputo,7,13.33,3,2009.5,2790.97
T10,CD-Lima,Lima,P048,Teclado mecánico Logitech,Cómputo,2,12.58,3,1407.93,1955.46
T10,CD-Lima,Lima,P049,Smartphone iPhone 15,Celulares y Tablets,24,13.17,3,3238.6,4498.05
T10,CD-Lima,Lima,P050,Smartphone Samsung S24,Celulares y Tablets,31,14.25,3,2417.29,3357.35
T10,CD-Lima,Lima,P051,Smartphone Xiaomi Redmi,Celulares y Tablets,33,14.58,3,1879.13,2609.9
T10,CD-Lima,Lima,P052,Tablet iPad 10,Celulares y Tablets,9,14.33,3,1919.08,2665.39
T10,CD-Lima,Lima,P053,Tablet Samsung Galaxy Tab,Celulares y Tablets,12,11.92,2,3376.54,4689.64
T10,CD-Lima,Lima,P054,Smartwatch Apple Watch,Celulares y Tablets,10,9.33,2,3559.53,4943.79
T10,CD-Lima,Lima,P055,Smartwatch Samsung Galaxy,Celulares y Tablets,16,12.5,2,2160.56,3000.78
T10,CD-Lima,Lima,P056,Auriculares AirPods,Celulares y Tablets,8,11.17,2,2205.43,3063.1
T10,CD-Lima,Lima,P057,Cargador inalámbrico,Celulares y Tablets,15,10.33,2,2553.78,3546.92
T10,CD-Lima,Lima,P058,Funda protectora,Celulares y Tablets,22,10.25,2,1406.56,1953.56
T10,CD-Lima,Lima,P059,Power bank Anker,Celulares y Tablets,20,14.42,3,2965.77,4119.13
T10,CD-Lima,Lima,P060,Smartphone Motorola G84,Celulares y Tablets,32,15.75,3,2022.02,2808.36
T10,CD-Lima,Lima,P061,Aire acondicionado LG 12000BTU,Climatización,45,18.42,4,852.36,1183.84
T10,CD-Lima,Lima,P062,AC Samsung Inverter,Climatización,38,19.17,4,1421.77,1974.68
T10,CD-Lima,Lima,P063,AC Midea 9000BTU,Climatización,2,22.33,4,788.03,1094.48
T10,CD-Lima,Lima,P064,Ventilador de pie,Climatización,20,24.0,5,593.3,824.03
T10,CD-Lima,Lima,P065,Ventilador de techo,Climatización,18,15.0,3,557.73,774.62
T10,CD-Lima,Lima,P066,Calefactor eléctrico,Climatización,24,14.17,3,226.48,314.56
T10,CD-Lima,Lima,P067,Humidificador,Climatización,4,21.75,4,1100.52,1528.5
T10,CD-Lima,Lima,P068,Deshumidificador,Climatización,37,20.17,4,1018.57,1414.68
T10,CD-Lima,Lima,P069,Purificador de aire Xiaomi,Climatización,40,20.42,4,823.35,1143.54
T10,CD-Lima,Lima,P070,Climatizador evaporativo,Climatización,52,21.08,4,914.13,1269.63
T10,CD-Lima,Lima,P071,Calefón a gas,Climatización,32,19.25,4,867.28,1204.56
T10,CD-Lima,Lima,P072,Terma eléctrica,Climatización,13,23.92,5,1473.8,2046.94
T10,CD-Lima,Lima,P073,Secadora de cabello Gama,Cuidado Personal,35,42.08,8,211.17,293.29
T10,CD-Lima,Lima,P074,Plancha de cabello Babyliss,Cuidado Personal,42,35.92,7,344.28,478.17
T10,CD-Lima,Lima,P075,Afeitadora Philips,Cuidado Personal,50,42.92,9,359.45,499.24
T10,CD-Lima,Lima,P076,Cortadora de cabello Wahl,Cuidado Personal,53,48.0,10,545.37,757.46
T10,CD-Lima,Lima,P077,Cepillo dental eléctrico,Cuidado Personal,9,42.17,8,534.62,742.53
T10,CD-Lima,Lima,P078,Depiladora Braun,Cuidado Personal,47,30.0,6,386.95,537.43
T10,CD-Lima,Lima,P079,Afeitadora Braun,Cuidado Personal,85,34.58,7,593.25,823.96
T10,CD-Lima,Lima,P080,Espejo con luz LED,Cuidado Personal,34,41.67,8,548.46,761.75
T10,CD-Lima,Lima,P081,Masajeador eléctrico,Cuidado Personal,99,44.08,9,244.56,339.66
T10,CD-Lima,Lima,P082,Rizadora Conair,Cuidado Personal,37,42.42,8,598.89,831.79
T10,CD-Lima,Lima,P083,Kit de manicura,Cuidado Personal,78,42.0,8,115.68,160.67
T10,CD-Lima,Lima,P084,Balanza digital,Cuidado Personal,3,29.25,6,464.58,645.25
T10,CD-Lima,Lima,P085,Cable HDMI 2m,Accesorios,98,40.17,8,521.11,723.77
T10,CD-Lima,Lima,P086,Cable USB-C,Accesorios,7,32.67,7,361.76,502.44
T10,CD-Lima,Lima,P087,Mouse inalámbrico,Accesorios,45,37.08,7,325.0,451.39
T10,CD-Lima,Lima,P088,Teclado inalámbrico,Accesorios,25,39.83,8,627.49,871.52
T10,CD-Lima,Lima,P089,Audífonos con micrófono,Accesorios,107,45.67,9,628.68,873.16
T10,CD-Lima,Lima,P090,Soporte para TV,Accesorios,68,30.42,6,554.98,770.8
T10,CD-Lima,Lima,P091,Regulador de voltaje,Accesorios,36,28.92,6,340.49,472.9
T10,CD-Lima,Lima,P092,Estabilizador,Accesorios,42,27.92,6,95.56,132.72
T10,CD-Lima,Lima,P093,UPS 1000VA,Accesorios,84,35.42,7,214.92,298.5
T10,CD-Lima,Lima,P094,Hub USB multipuerto,Accesorios,12,34.0,7,351.87,488.71
T10,CD-Lima,Lima,P095,Tarjeta SD 128GB,Accesorios,0,42.25,8,114.67,159.26
T10,CD-Lima,Lima,P096,Memoria USB 64GB,Accesorios,98,48.92,10,498.95,692.99
T11,CD-Arequipa,Arequipa,P001,Refrigeradora LG 340L,Línea Blanca,22,14.58,3,1932.38,2683.86
T11,CD-Arequipa,Arequipa,P002,Refrigeradora Samsung 450L,Línea Blanca,30,14.33,3,2799.88,3888.72
T11,CD-Arequipa,Arequipa,P003,Refrigeradora Bosch 280L,Línea Blanca,19,8.08,2,2491.98,3461.09
T11,CD-Arequipa,Arequipa,P004,Lavadora LG 15kg,Línea Blanca,15,8.42,2,2478.23,3441.98
T11,CD-Arequipa,Arequipa,P005,Lavadora Samsung 18kg,Línea Blanca,20,9.92,2,1363.49,1893.74
T11,CD-Arequipa,Arequipa,P006,Lavadora Whirlpool 14kg,Línea Blanca,24,12.25,2,1461.59,2029.99
T11,CD-Arequipa,Arequipa,P007,Secadora Electrolux 10kg,Línea Blanca,40,16.58,3,3192.27,4433.71
T11,CD-Arequipa,Arequipa,P008,Cocina a gas Indurama 4H,Línea Blanca,1,9.67,2,3072.06,4266.75
T11,CD-Arequipa,Arequipa,P009,Cocina eléctrica Mabe 4H,Línea Blanca,18,12.25,2,2777.0,3856.95
T11,CD-Arequipa,Arequipa,P010,Campana extractora Bosch,Línea Blanca,27,15.17,3,3239.19,4498.87
T11,CD-Arequipa,Arequipa,P011,Horno empotrado Electrolux,Línea Blanca,25,12.5,2,2084.28,2894.84
T11,CD-Arequipa,Arequipa,P012,Lavaplatos Frigidaire,Línea Blanca,3,11.92,2,1045.34,1451.86
T11,CD-Arequipa,Arequipa,P013,Smart TV LG 55,TV y Audio,14,12.42,2,1672.78,2323.3
T11,CD-Arequipa,Arequipa,P014,Smart TV Samsung 65,TV y Audio,21,11.58,2,2188.5,3039.59
T11,CD-Arequipa,Arequipa,P015,Smart TV Sony 75,TV y Audio,11,13.17,3,1558.08,2164.0
T11,CD-Arequipa,Arequipa,P016,Smart TV TCL 50,TV y Audio,15,12.58,3,1950.9,2709.58
T11,CD-Arequipa,Arequipa,P017,TV OLED LG 65,TV y Audio,28,13.5,3,2946.51,4092.37
T11,CD-Arequipa,Arequipa,P018,Soundbar Samsung 5.1,TV y Audio,22,10.92,2,2536.65,3523.12
T11,CD-Arequipa,Arequipa,P019,Soundbar JBL 2.1,TV y Audio,9,11.08,2,2235.96,3105.5
T11,CD-Arequipa,Arequipa,P020,Home theater Sony,TV y Audio,2,13.58,3,922.78,1281.64
T11,CD-Arequipa,Arequipa,P021,Parlante Bluetooth JBL,TV y Audio,15,9.08,2,2553.01,3545.85
T11,CD-Arequipa,Arequipa,P022,Audífonos Sony WH-1000,TV y Audio,6,11.25,2,1727.78,2399.69
T11,CD-Arequipa,Arequipa,P023,Barra Bose 900,TV y Audio,35,15.0,3,1867.19,2593.32
T11,CD-Arequipa,Arequipa,P024,Receptor AV Yamaha,TV y Audio,10,14.33,3,1811.48,2515.95
T11,CD-Arequipa,Arequipa,P025,Licuadora Oster 700W,Pequeños Electrodomésticos,17,34.5,7,403.41,560.29
T11,CD-Arequipa,Arequipa,P026,Licuadora Philips 1000W,Pequeños Electrodomésticos,69,31.92,6,351.89,488.73
T11,CD-Arequipa,Arequipa,P027,Microondas LG 32L,Pequeños Electrodomésticos,76,40.42,8,126.35,175.49
T11,CD-Arequipa,Arequipa,P028,Microondas Panasonic 25L,Pequeños Electrodomésticos,13,47.67,10,356.55,495.21
T11,CD-Arequipa,Arequipa,P029,Hervidor eléctrico Bosch,Pequeños Electrodomésticos,36,47.08,9,500.49,695.12
T11,CD-Arequipa,Arequipa,P030,Cafetera DeLonghi,Pequeños Electrodomésticos,6,35.0,7,411.94,572.14
T11,CD-Arequipa,Arequipa,P031,Freidora de aire Philips,Pequeños Electrodomésticos,18,44.58,9,347.51,482.65
T11,CD-Arequipa,Arequipa,P032,Aspiradora Dyson V11,Pequeños Electrodomésticos,60,29.92,6,598.85,831.74
T11,CD-Arequipa,Arequipa,P033,Plancha a vapor Rowenta,Pequeños Electrodomésticos,36,39.92,8,210.3,292.09
T11,CD-Arequipa,Arequipa,P034,Batidora KitchenAid,Pequeños Electrodomésticos,8,42.33,8,305.55,424.37
T11,CD-Arequipa,Arequipa,P035,Tostadora Oster,Pequeños Electrodomésticos,42,35.83,7,604.45,839.51
T11,CD-Arequipa,Arequipa,P036,Purificador de agua,Pequeños Electrodomésticos,19,39.42,8,340.52,472.94
T11,CD-Arequipa,Arequipa,P037,Laptop HP 15,Cómputo,17,10.08,2,2094.74,2909.36
T11,CD-Arequipa,Arequipa,P038,Laptop Lenovo ThinkPad,Cómputo,18,13.33,3,924.29,1283.74
T11,CD-Arequipa,Arequipa,P039,Laptop Asus VivoBook,Cómputo,12,8.75,2,1397.47,1940.93
T11,CD-Arequipa,Arequipa,P040,Laptop Dell Inspiron,Cómputo,9,13.08,3,1170.5,1625.7
T11,CD-Arequipa,Arequipa,P041,Monitor LG 27,Cómputo,27,13.17,3,980.16,1361.33
T11,CD-Arequipa,Arequipa,P042,Monitor Samsung 24,Cómputo,19,14.17,3,2538.28,3525.39
T11,CD-Arequipa,Arequipa,P043,Monitor BenQ 32,Cómputo,34,14.75,3,2971.09,4126.52
T11,CD-Arequipa,Arequipa,P044,Impresora Epson EcoTank,Cómputo,24,10.58,2,1107.72,1538.5
T11,CD-Arequipa,Arequipa,P045,Impresora HP LaserJet,Cómputo,27,14.5,3,2342.61,3253.62
T11,CD-Arequipa,Arequipa,P046,All-in-one Dell,Cómputo,19,11.08,2,1980.81,2751.13
T11,CD-Arequipa,Arequipa,P047,Mini PC Intel NUC,Cómputo,12,11.83,2,2009.5,2790.97
T11,CD-Arequipa,Arequipa,P048,Teclado mecánico Logitech,Cómputo,26,14.25,3,1407.93,1955.46
T11,CD-Arequipa,Arequipa,P049,Smartphone iPhone 15,Celulares y Tablets,11,12.17,2,3238.6,4498.05
T11,CD-Arequipa,Arequipa,P050,Smartphone Samsung S24,Celulares y Tablets,36,16.33,3,2417.29,3357.35
T11,CD-Arequipa,Arequipa,P051,Smartphone Xiaomi Redmi,Celulares y Tablets,0,11.5,2,1879.13,2609.9
T11,CD-Arequipa,Arequipa,P052,Tablet iPad 10,Celulares y Tablets,2,15.0,3,1919.08,2665.39
T11,CD-Arequipa,Arequipa,P053,Tablet Samsung Galaxy Tab,Celulares y Tablets,0,9.17,2,3376.54,4689.64
T11,CD-Arequipa,Arequipa,P054,Smartwatch Apple Watch,Celulares y Tablets,7,15.42,3,3559.53,4943.79
T11,CD-Arequipa,Arequipa,P055,Smartwatch Samsung Galaxy,Celulares y Tablets,17,12.75,3,2160.56,3000.78
T11,CD-Arequipa,Arequipa,P056,Auriculares AirPods,Celulares y Tablets,7,12.17,2,2205.43,3063.1
T11,CD-Arequipa,Arequipa,P057,Cargador inalámbrico,Celulares y Tablets,32,13.58,3,2553.78,3546.92
T11,CD-Arequipa,Arequipa,P058,Funda protectora,Celulares y Tablets,26,12.5,2,1406.56,1953.56
T11,CD-Arequipa,Arequipa,P059,Power bank Anker,Celulares y Tablets,23,12.75,3,2965.77,4119.13
T11,CD-Arequipa,Arequipa,P060,Smartphone Motorola G84,Celulares y Tablets,24,14.0,3,2022.02,2808.36
T11,CD-Arequipa,Arequipa,P061,Aire acondicionado LG 12000BTU,Climatización,17,24.08,5,852.36,1183.84
T11,CD-Arequipa,Arequipa,P062,AC Samsung Inverter,Climatización,22,17.5,4,1421.77,1974.68
T11,CD-Arequipa,Arequipa,P063,AC Midea 9000BTU,Climatización,34,18.0,4,788.03,1094.48
T11,CD-Arequipa,Arequipa,P064,Ventilador de pie,Climatización,30,21.42,4,593.3,824.03
T11,CD-Arequipa,Arequipa,P065,Ventilador de techo,Climatización,28,19.5,4,557.73,774.62
T11,CD-Arequipa,Arequipa,P066,Calefactor eléctrico,Climatización,5,25.08,5,226.48,314.56
T11,CD-Arequipa,Arequipa,P067,Humidificador,Climatización,57,23.33,5,1100.52,1528.5
T11,CD-Arequipa,Arequipa,P068,Deshumidificador,Climatización,27,14.5,3,1018.57,1414.68
T11,CD-Arequipa,Arequipa,P069,Purificador de aire Xiaomi,Climatización,7,24.33,5,823.35,1143.54
T11,CD-Arequipa,Arequipa,P070,Climatizador evaporativo,Climatización,22,20.83,4,914.13,1269.63
T11,CD-Arequipa,Arequipa,P071,Calefón a gas,Climatización,21,21.5,4,867.28,1204.56
T11,CD-Arequipa,Arequipa,P072,Terma eléctrica,Climatización,26,15.5,3,1473.8,2046.94
T11,CD-Arequipa,Arequipa,P073,Secadora de cabello Gama,Cuidado Personal,31,33.75,7,211.17,293.29
T11,CD-Arequipa,Arequipa,P074,Plancha de cabello Babyliss,Cuidado Personal,3,35.0,7,344.28,478.17
T11,CD-Arequipa,Arequipa,P075,Afeitadora Philips,Cuidado Personal,42,35.08,7,359.45,499.24
T11,CD-Arequipa,Arequipa,P076,Cortadora de cabello Wahl,Cuidado Personal,59,42.58,9,545.37,757.46
T11,CD-Arequipa,Arequipa,P077,Cepillo dental eléctrico,Cuidado Personal,53,42.25,8,534.62,742.53
T11,CD-Arequipa,Arequipa,P078,Depiladora Braun,Cuidado Personal,85,41.0,8,386.95,537.43
T11,CD-Arequipa,Arequipa,P079,Afeitadora Braun,Cuidado Personal,15,42.67,9,593.25,823.96
T11,CD-Arequipa,Arequipa,P080,Espejo con luz LED,Cuidado Personal,54,47.17,9,548.46,761.75
T11,CD-Arequipa,Arequipa,P081,Masajeador eléctrico,Cuidado Personal,88,41.83,8,244.56,339.66
T11,CD-Arequipa,Arequipa,P082,Rizadora Conair,Cuidado Personal,103,44.25,9,598.89,831.79
T11,CD-Arequipa,Arequipa,P083,Kit de manicura,Cuidado Personal,0,46.5,9,115.68,160.67
T11,CD-Arequipa,Arequipa,P084,Balanza digital,Cuidado Personal,74,50.25,10,464.58,645.25
T11,CD-Arequipa,Arequipa,P085,Cable HDMI 2m,Accesorios,67,35.75,7,521.11,723.77
T11,CD-Arequipa,Arequipa,P086,Cable USB-C,Accesorios,70,43.75,9,361.76,502.44
T11,CD-Arequipa,Arequipa,P087,Mouse inalámbrico,Accesorios,28,39.5,8,325.0,451.39
T11,CD-Arequipa,Arequipa,P088,Teclado inalámbrico,Accesorios,6,32.92,7,627.49,871.52
T11,CD-Arequipa,Arequipa,P089,Audífonos con micrófono,Accesorios,80,33.42,7,628.68,873.16
T11,CD-Arequipa,Arequipa,P090,Soporte para TV,Accesorios,1,41.25,8,554.98,770.8
T11,CD-Arequipa,Arequipa,P091,Regulador de voltaje,Accesorios,18,37.67,8,340.49,472.9
T11,CD-Arequipa,Arequipa,P092,Estabilizador,Accesorios,93,44.17,9,95.56,132.72
T11,CD-Arequipa,Arequipa,P093,UPS 1000VA,Accesorios,24,47.25,9,214.92,298.5
T11,CD-Arequipa,Arequipa,P094,Hub USB multipuerto,Accesorios,114,46.92,9,351.87,488.71
T11,CD-Arequipa,Arequipa,P095,Tarjeta SD 128GB,Accesorios,72,47.58,10,114.67,159.26
T11,CD-Arequipa,Arequipa,P096,Memoria USB 64GB,Accesorios,55,43.92,9,498.95,692.99
T12,CD-Arequipa,Arequipa,P001,Refrigeradora LG 340L,Línea Blanca,25,12.83,3,1932.38,2683.86
T12,CD-Arequipa,Arequipa,P002,Refrigeradora Samsung 450L,Línea Blanca,13,11.42,2,2799.88,3888.72
T12,CD-Arequipa,Arequipa,P003,Refrigeradora Bosch 280L,Línea Blanca,28,12.08,2,2491.98,3461.09
T12,CD-Arequipa,Arequipa,P004,Lavadora LG 15kg,Línea Blanca,24,10.83,2,2478.23,3441.98
T12,CD-Arequipa,Arequipa,P005,Lavadora Samsung 18kg,Línea Blanca,4,8.33,2,1363.49,1893.74
T12,CD-Arequipa,Arequipa,P006,Lavadora Whirlpool 14kg,Línea Blanca,17,12.17,2,1461.59,2029.99
T12,CD-Arequipa,Arequipa,P007,Secadora Electrolux 10kg,Línea Blanca,3,10.92,2,3192.27,4433.71
T12,CD-Arequipa,Arequipa,P008,Cocina a gas Indurama 4H,Línea Blanca,8,9.75,2,3072.06,4266.75
T12,CD-Arequipa,Arequipa,P009,Cocina eléctrica Mabe 4H,Línea Blanca,23,14.83,3,2777.0,3856.95
T12,CD-Arequipa,Arequipa,P010,Campana extractora Bosch,Línea Blanca,29,12.17,2,3239.19,4498.87
T12,CD-Arequipa,Arequipa,P011,Horno empotrado Electrolux,Línea Blanca,7,11.0,2,2084.28,2894.84
T12,CD-Arequipa,Arequipa,P012,Lavaplatos Frigidaire,Línea Blanca,31,12.67,3,1045.34,1451.86
T12,CD-Arequipa,Arequipa,P013,Smart TV LG 55,TV y Audio,19,10.75,2,1672.78,2323.3
T12,CD-Arequipa,Arequipa,P014,Smart TV Samsung 65,TV y Audio,1,12.5,2,2188.5,3039.59
T12,CD-Arequipa,Arequipa,P015,Smart TV Sony 75,TV y Audio,22,10.42,2,1558.08,2164.0
T12,CD-Arequipa,Arequipa,P016,Smart TV TCL 50,TV y Audio,18,11.25,2,1950.9,2709.58
T12,CD-Arequipa,Arequipa,P017,TV OLED LG 65,TV y Audio,8,11.0,2,2946.51,4092.37
T12,CD-Arequipa,Arequipa,P018,Soundbar Samsung 5.1,TV y Audio,6,12.25,2,2536.65,3523.12
T12,CD-Arequipa,Arequipa,P019,Soundbar JBL 2.1,TV y Audio,16,13.0,3,2235.96,3105.5
T12,CD-Arequipa,Arequipa,P020,Home theater Sony,TV y Audio,32,14.17,3,922.78,1281.64
T12,CD-Arequipa,Arequipa,P021,Parlante Bluetooth JBL,TV y Audio,2,16.17,3,2553.01,3545.85
T12,CD-Arequipa,Arequipa,P022,Audífonos Sony WH-1000,TV y Audio,9,11.33,2,1727.78,2399.69
T12,CD-Arequipa,Arequipa,P023,Barra Bose 900,TV y Audio,13,8.5,2,1867.19,2593.32
T12,CD-Arequipa,Arequipa,P024,Receptor AV Yamaha,TV y Audio,19,9.0,2,1811.48,2515.95
T12,CD-Arequipa,Arequipa,P025,Licuadora Oster 700W,Pequeños Electrodomésticos,21,34.25,7,403.41,560.29
T12,CD-Arequipa,Arequipa,P026,Licuadora Philips 1000W,Pequeños Electrodomésticos,17,43.08,9,351.89,488.73
T12,CD-Arequipa,Arequipa,P027,Microondas LG 32L,Pequeños Electrodomésticos,37,48.67,10,126.35,175.49
T12,CD-Arequipa,Arequipa,P028,Microondas Panasonic 25L,Pequeños Electrodomésticos,57,37.17,7,356.55,495.21
T12,CD-Arequipa,Arequipa,P029,Hervidor eléctrico Bosch,Pequeños Electrodomésticos,13,39.75,8,500.49,695.12
T12,CD-Arequipa,Arequipa,P030,Cafetera DeLonghi,Pequeños Electrodomésticos,50,32.92,7,411.94,572.14
T12,CD-Arequipa,Arequipa,P031,Freidora de aire Philips,Pequeños Electrodomésticos,60,46.08,9,347.51,482.65
T12,CD-Arequipa,Arequipa,P032,Aspiradora Dyson V11,Pequeños Electrodomésticos,94,41.33,8,598.85,831.74
T12,CD-Arequipa,Arequipa,P033,Plancha a vapor Rowenta,Pequeños Electrodomésticos,51,36.58,7,210.3,292.09
T12,CD-Arequipa,Arequipa,P034,Batidora KitchenAid,Pequeños Electrodomésticos,16,51.67,10,305.55,424.37
T12,CD-Arequipa,Arequipa,P035,Tostadora Oster,Pequeños Electrodomésticos,5,38.92,8,604.45,839.51
T12,CD-Arequipa,Arequipa,P036,Purificador de agua,Pequeños Electrodomésticos,4,55.42,11,340.52,472.94
T12,CD-Arequipa,Arequipa,P037,Laptop HP 15,Cómputo,22,13.33,3,2094.74,2909.36
T12,CD-Arequipa,Arequipa,P038,Laptop Lenovo ThinkPad,Cómputo,10,9.08,2,924.29,1283.74
T12,CD-Arequipa,Arequipa,P039,Laptop Asus VivoBook,Cómputo,7,14.08,3,1397.47,1940.93
T12,CD-Arequipa,Arequipa,P040,Laptop Dell Inspiron,Cómputo,13,9.83,2,1170.5,1625.7
T12,CD-Arequipa,Arequipa,P041,Monitor LG 27,Cómputo,31,12.83,3,980.16,1361.33
T12,CD-Arequipa,Arequipa,P042,Monitor Samsung 24,Cómputo,21,11.92,2,2538.28,3525.39
T12,CD-Arequipa,Arequipa,P043,Monitor BenQ 32,Cómputo,0,12.33,2,2971.09,4126.52
T12,CD-Arequipa,Arequipa,P044,Impresora Epson EcoTank,Cómputo,12,7.83,2,1107.72,1538.5
T12,CD-Arequipa,Arequipa,P045,Impresora HP LaserJet,Cómputo,15,14.75,3,2342.61,3253.62
T12,CD-Arequipa,Arequipa,P046,All-in-one Dell,Cómputo,15,9.33,2,1980.81,2751.13
T12,CD-Arequipa,Arequipa,P047,Mini PC Intel NUC,Cómputo,0,10.33,2,2009.5,2790.97
T12,CD-Arequipa,Arequipa,P048,Teclado mecánico Logitech,Cómputo,32,13.0,3,1407.93,1955.46
T12,CD-Arequipa,Arequipa,P049,Smartphone iPhone 15,Celulares y Tablets,4,13.0,3,3238.6,4498.05
T12,CD-Arequipa,Arequipa,P050,Smartphone Samsung S24,Celulares y Tablets,37,17.17,3,2417.29,3357.35
T12,CD-Arequipa,Arequipa,P051,Smartphone Xiaomi Redmi,Celulares y Tablets,21,14.25,3,1879.13,2609.9
T12,CD-Arequipa,Arequipa,P052,Tablet iPad 10,Celulares y Tablets,17,8.67,2,1919.08,2665.39
T12,CD-Arequipa,Arequipa,P053,Tablet Samsung Galaxy Tab,Celulares y Tablets,13,9.58,2,3376.54,4689.64
T12,CD-Arequipa,Arequipa,P054,Smartwatch Apple Watch,Celulares y Tablets,30,13.25,3,3559.53,4943.79
T12,CD-Arequipa,Arequipa,P055,Smartwatch Samsung Galaxy,Celulares y Tablets,6,12.58,3,2160.56,3000.78
T12,CD-Arequipa,Arequipa,P056,Auriculares AirPods,Celulares y Tablets,6,14.58,3,2205.43,3063.1
T12,CD-Arequipa,Arequipa,P057,Cargador inalámbrico,Celulares y Tablets,15,15.0,3,2553.78,3546.92
T12,CD-Arequipa,Arequipa,P058,Funda protectora,Celulares y Tablets,31,14.83,3,1406.56,1953.56
T12,CD-Arequipa,Arequipa,P059,Power bank Anker,Celulares y Tablets,22,12.33,2,2965.77,4119.13
T12,CD-Arequipa,Arequipa,P060,Smartphone Motorola G84,Celulares y Tablets,1,11.58,2,2022.02,2808.36
T12,CD-Arequipa,Arequipa,P061,Aire acondicionado LG 12000BTU,Climatización,8,26.5,5,852.36,1183.84
T12,CD-Arequipa,Arequipa,P062,AC Samsung Inverter,Climatización,42,21.08,4,1421.77,1974.68
T12,CD-Arequipa,Arequipa,P063,AC Midea 9000BTU,Climatización,26,20.5,4,788.03,1094.48
T12,CD-Arequipa,Arequipa,P064,Ventilador de pie,Climatización,44,18.33,4,593.3,824.03
T12,CD-Arequipa,Arequipa,P065,Ventilador de techo,Climatización,44,23.33,5,557.73,774.62
T12,CD-Arequipa,Arequipa,P066,Calefactor eléctrico,Climatización,11,17.42,3,226.48,314.56
T12,CD-Arequipa,Arequipa,P067,Humidificador,Climatización,22,16.25,3,1100.52,1528.5
T12,CD-Arequipa,Arequipa,P068,Deshumidificador,Climatización,10,16.42,3,1018.57,1414.68
T12,CD-Arequipa,Arequipa,P069,Purificador de aire Xiaomi,Climatización,27,18.92,4,823.35,1143.54
T12,CD-Arequipa,Arequipa,P070,Climatizador evaporativo,Climatización,3,23.08,5,914.13,1269.63
T12,CD-Arequipa,Arequipa,P071,Calefón a gas,Climatización,28,17.08,3,867.28,1204.56
T12,CD-Arequipa,Arequipa,P072,Terma eléctrica,Climatización,30,26.92,5,1473.8,2046.94
T12,CD-Arequipa,Arequipa,P073,Secadora de cabello Gama,Cuidado Personal,11,33.17,7,211.17,293.29
T12,CD-Arequipa,Arequipa,P074,Plancha de cabello Babyliss,Cuidado Personal,30,39.92,8,344.28,478.17
T12,CD-Arequipa,Arequipa,P075,Afeitadora Philips,Cuidado Personal,94,42.67,9,359.45,499.24
T12,CD-Arequipa,Arequipa,P076,Cortadora de cabello Wahl,Cuidado Personal,0,40.42,8,545.37,757.46
T12,CD-Arequipa,Arequipa,P077,Cepillo dental eléctrico,Cuidado Personal,33,40.25,8,534.62,742.53
T12,CD-Arequipa,Arequipa,P078,Depiladora Braun,Cuidado Personal,41,36.58,7,386.95,537.43
T12,CD-Arequipa,Arequipa,P079,Afeitadora Braun,Cuidado Personal,108,45.58,9,593.25,823.96
T12,CD-Arequipa,Arequipa,P080,Espejo con luz LED,Cuidado Personal,61,39.75,8,548.46,761.75
T12,CD-Arequipa,Arequipa,P081,Masajeador eléctrico,Cuidado Personal,41,36.33,7,244.56,339.66
T12,CD-Arequipa,Arequipa,P082,Rizadora Conair,Cuidado Personal,31,32.33,6,598.89,831.79
T12,CD-Arequipa,Arequipa,P083,Kit de manicura,Cuidado Personal,110,47.08,9,115.68,160.67
T12,CD-Arequipa,Arequipa,P084,Balanza digital,Cuidado Personal,79,38.67,8,464.58,645.25
T12,CD-Arequipa,Arequipa,P085,Cable HDMI 2m,Accesorios,83,40.25,8,521.11,723.77
T12,CD-Arequipa,Arequipa,P086,Cable USB-C,Accesorios,2,45.0,9,361.76,502.44
T12,CD-Arequipa,Arequipa,P087,Mouse inalámbrico,Accesorios,33,35.08,7,325.0,451.39
T12,CD-Arequipa,Arequipa,P088,Teclado inalámbrico,Accesorios,60,39.67,8,627.49,871.52
T12,CD-Arequipa,Arequipa,P089,Audífonos con micrófono,Accesorios,39,43.58,9,628.68,873.16
T12,CD-Arequipa,Arequipa,P090,Soporte para TV,Accesorios,87,42.08,8,554.98,770.8
T12,CD-Arequipa,Arequipa,P091,Regulador de voltaje,Accesorios,70,36.0,7,340.49,472.9
T12,CD-Arequipa,Arequipa,P092,Estabilizador,Accesorios,55,35.83,7,95.56,132.72
T12,CD-Arequipa,Arequipa,P093,UPS 1000VA,Accesorios,19,47.33,9,214.92,298.5
T12,CD-Arequipa,Arequipa,P094,Hub USB multipuerto,Accesorios,70,49.33,10,351.87,488.71
T12,CD-Arequipa,Arequipa,P095,Tarjeta SD 128GB,Accesorios,58,49.83,10,114.67,159.26
T12,CD-Arequipa,Arequipa,P096,Memoria USB 64GB,Accesorios,22,19.25,4,498.95,692.99
T13,CD-Arequipa,Arequipa,P001,Refrigeradora LG 340L,Línea Blanca,2,13.5,3,1932.38,2683.86
T13,CD-Arequipa,Arequipa,P002,Refrigeradora Samsung 450L,Línea Blanca,24,11.58,2,2799.88,3888.72
T13,CD-Arequipa,Arequipa,P003,Refrigeradora Bosch 280L,Línea Blanca,1,6.92,1,2491.98,3461.09
T13,CD-Arequipa,Arequipa,P004,Lavadora LG 15kg,Línea Blanca,27,13.58,3,2478.23,3441.98
T13,CD-Arequipa,Arequipa,P005,Lavadora Samsung 18kg,Línea Blanca,5,13.5,3,1363.49,1893.74
T13,CD-Arequipa,Arequipa,P006,Lavadora Whirlpool 14kg,Línea Blanca,3,12.5,2,1461.59,2029.99
T13,CD-Arequipa,Arequipa,P007,Secadora Electrolux 10kg,Línea Blanca,22,13.25,3,3192.27,4433.71
T13,CD-Arequipa,Arequipa,P008,Cocina a gas Indurama 4H,Línea Blanca,6,11.42,2,3072.06,4266.75
T13,CD-Arequipa,Arequipa,P009,Cocina eléctrica Mabe 4H,Línea Blanca,24,9.67,2,2777.0,3856.95
T13,CD-Arequipa,Arequipa,P010,Campana extractora Bosch,Línea Blanca,24,11.33,2,3239.19,4498.87
T13,CD-Arequipa,Arequipa,P011,Horno empotrado Electrolux,Línea Blanca,31,13.33,3,2084.28,2894.84
T13,CD-Arequipa,Arequipa,P012,Lavaplatos Frigidaire,Línea Blanca,19,13.5,3,1045.34,1451.86
T13,CD-Arequipa,Arequipa,P013,Smart TV LG 55,TV y Audio,5,11.25,2,1672.78,2323.3
T13,CD-Arequipa,Arequipa,P014,Smart TV Samsung 65,TV y Audio,9,9.25,2,2188.5,3039.59
T13,CD-Arequipa,Arequipa,P015,Smart TV Sony 75,TV y Audio,3,7.67,2,1558.08,2164.0
T13,CD-Arequipa,Arequipa,P016,Smart TV TCL 50,TV y Audio,21,12.08,2,1950.9,2709.58
T13,CD-Arequipa,Arequipa,P017,TV OLED LG 65,TV y Audio,24,12.42,2,2946.51,4092.37
T13,CD-Arequipa,Arequipa,P018,Soundbar Samsung 5.1,TV y Audio,30,12.67,3,2536.65,3523.12
T13,CD-Arequipa,Arequipa,P019,Soundbar JBL 2.1,TV y Audio,15,12.17,2,2235.96,3105.5
T13,CD-Arequipa,Arequipa,P020,Home theater Sony,TV y Audio,7,10.42,2,922.78,1281.64
T13,CD-Arequipa,Arequipa,P021,Parlante Bluetooth JBL,TV y Audio,0,10.33,2,2553.01,3545.85
T13,CD-Arequipa,Arequipa,P022,Audífonos Sony WH-1000,TV y Audio,11,14.0,3,1727.78,2399.69
T13,CD-Arequipa,Arequipa,P023,Barra Bose 900,TV y Audio,9,13.17,3,1867.19,2593.32
T13,CD-Arequipa,Arequipa,P024,Receptor AV Yamaha,TV y Audio,14,10.17,2,1811.48,2515.95
T13,CD-Arequipa,Arequipa,P025,Licuadora Oster 700W,Pequeños Electrodomésticos,10,42.75,9,403.41,560.29
T13,CD-Arequipa,Arequipa,P026,Licuadora Philips 1000W,Pequeños Electrodomésticos,28,37.25,7,351.89,488.73
T13,CD-Arequipa,Arequipa,P027,Microondas LG 32L,Pequeños Electrodomésticos,2,32.58,7,126.35,175.49
T13,CD-Arequipa,Arequipa,P028,Microondas Panasonic 25L,Pequeños Electrodomésticos,42,36.0,7,356.55,495.21
T13,CD-Arequipa,Arequipa,P029,Hervidor eléctrico Bosch,Pequeños Electrodomésticos,0,50.08,10,500.49,695.12
T13,CD-Arequipa,Arequipa,P030,Cafetera DeLonghi,Pequeños Electrodomésticos,61,46.5,9,411.94,572.14
T13,CD-Arequipa,Arequipa,P031,Freidora de aire Philips,Pequeños Electrodomésticos,42,29.5,6,347.51,482.65
T13,CD-Arequipa,Arequipa,P032,Aspiradora Dyson V11,Pequeños Electrodomésticos,118,52.33,10,598.85,831.74
T13,CD-Arequipa,Arequipa,P033,Plancha a vapor Rowenta,Pequeños Electrodomésticos,25,40.0,8,210.3,292.09
T13,CD-Arequipa,Arequipa,P034,Batidora KitchenAid,Pequeños Electrodomésticos,85,39.25,8,305.55,424.37
T13,CD-Arequipa,Arequipa,P035,Tostadora Oster,Pequeños Electrodomésticos,44,41.17,8,604.45,839.51
T13,CD-Arequipa,Arequipa,P036,Purificador de agua,Pequeños Electrodomésticos,23,36.42,7,340.52,472.94
T13,CD-Arequipa,Arequipa,P037,Laptop HP 15,Cómputo,2,13.25,3,2094.74,2909.36
T13,CD-Arequipa,Arequipa,P038,Laptop Lenovo ThinkPad,Cómputo,4,13.08,3,924.29,1283.74
T13,CD-Arequipa,Arequipa,P039,Laptop Asus VivoBook,Cómputo,5,12.83,3,1397.47,1940.93
T13,CD-Arequipa,Arequipa,P040,Laptop Dell Inspiron,Cómputo,17,13.5,3,1170.5,1625.7
T13,CD-Arequipa,Arequipa,P041,Monitor LG 27,Cómputo,17,14.08,3,980.16,1361.33
T13,CD-Arequipa,Arequipa,P042,Monitor Samsung 24,Cómputo,0,8.92,2,2538.28,3525.39
T13,CD-Arequipa,Arequipa,P043,Monitor BenQ 32,Cómputo,27,12.33,2,2971.09,4126.52
T13,CD-Arequipa,Arequipa,P044,Impresora Epson EcoTank,Cómputo,29,14.08,3,1107.72,1538.5
T13,CD-Arequipa,Arequipa,P045,Impresora HP LaserJet,Cómputo,24,14.08,3,2342.61,3253.62
T13,CD-Arequipa,Arequipa,P046,All-in-one Dell,Cómputo,25,11.83,2,1980.81,2751.13
T13,CD-Arequipa,Arequipa,P047,Mini PC Intel NUC,Cómputo,41,16.5,3,2009.5,2790.97
T13,CD-Arequipa,Arequipa,P048,Teclado mecánico Logitech,Cómputo,0,11.42,2,1407.93,1955.46
T13,CD-Arequipa,Arequipa,P049,Smartphone iPhone 15,Celulares y Tablets,11,9.17,2,3238.6,4498.05
T13,CD-Arequipa,Arequipa,P050,Smartphone Samsung S24,Celulares y Tablets,1,13.33,3,2417.29,3357.35
T13,CD-Arequipa,Arequipa,P051,Smartphone Xiaomi Redmi,Celulares y Tablets,33,14.67,3,1879.13,2609.9
T13,CD-Arequipa,Arequipa,P052,Tablet iPad 10,Celulares y Tablets,28,11.42,2,1919.08,2665.39
T13,CD-Arequipa,Arequipa,P053,Tablet Samsung Galaxy Tab,Celulares y Tablets,4,12.17,2,3376.54,4689.64
T13,CD-Arequipa,Arequipa,P054,Smartwatch Apple Watch,Celulares y Tablets,2,10.5,2,3559.53,4943.79
T13,CD-Arequipa,Arequipa,P055,Smartwatch Samsung Galaxy,Celulares y Tablets,14,13.0,3,2160.56,3000.78
T13,CD-Arequipa,Arequipa,P056,Auriculares AirPods,Celulares y Tablets,9,8.92,2,2205.43,3063.1
T13,CD-Arequipa,Arequipa,P057,Cargador inalámbrico,Celulares y Tablets,11,13.42,3,2553.78,3546.92
T13,CD-Arequipa,Arequipa,P058,Funda protectora,Celulares y Tablets,12,10.08,2,1406.56,1953.56
T13,CD-Arequipa,Arequipa,P059,Power bank Anker,Celulares y Tablets,22,14.33,3,2965.77,4119.13
T13,CD-Arequipa,Arequipa,P060,Smartphone Motorola G84,Celulares y Tablets,12,12.33,2,2022.02,2808.36
T13,CD-Arequipa,Arequipa,P061,Aire acondicionado LG 12000BTU,Climatización,24,16.58,3,852.36,1183.84
T13,CD-Arequipa,Arequipa,P062,AC Samsung Inverter,Climatización,34,24.75,5,1421.77,1974.68
T13,CD-Arequipa,Arequipa,P063,AC Midea 9000BTU,Climatización,16,24.75,5,788.03,1094.48
T13,CD-Arequipa,Arequipa,P064,Ventilador de pie,Climatización,37,23.75,5,593.3,824.03
T13,CD-Arequipa,Arequipa,P065,Ventilador de techo,Climatización,6,20.67,4,557.73,774.62
T13,CD-Arequipa,Arequipa,P066,Calefactor eléctrico,Climatización,21,16.5,3,226.48,314.56
T13,CD-Arequipa,Arequipa,P067,Humidificador,Climatización,12,15.33,3,1100.52,1528.5
T13,CD-Arequipa,Arequipa,P068,Deshumidificador,Climatización,16,17.33,3,1018.57,1414.68
T13,CD-Arequipa,Arequipa,P069,Purificador de aire Xiaomi,Climatización,29,19.08,4,823.35,1143.54
T13,CD-Arequipa,Arequipa,P070,Climatizador evaporativo,Climatización,23,18.08,4,914.13,1269.63
T13,CD-Arequipa,Arequipa,P071,Calefón a gas,Climatización,12,22.25,4,867.28,1204.56
T13,CD-Arequipa,Arequipa,P072,Terma eléctrica,Climatización,11,17.92,4,1473.8,2046.94
T13,CD-Arequipa,Arequipa,P073,Secadora de cabello Gama,Cuidado Personal,7,41.42,8,211.17,293.29
T13,CD-Arequipa,Arequipa,P074,Plancha de cabello Babyliss,Cuidado Personal,48,36.0,7,344.28,478.17
T13,CD-Arequipa,Arequipa,P075,Afeitadora Philips,Cuidado Personal,30,29.5,6,359.45,499.24
T13,CD-Arequipa,Arequipa,P076,Cortadora de cabello Wahl,Cuidado Personal,45,47.67,10,545.37,757.46
T13,CD-Arequipa,Arequipa,P077,Cepillo dental eléctrico,Cuidado Personal,48,38.75,8,534.62,742.53
T13,CD-Arequipa,Arequipa,P078,Depiladora Braun,Cuidado Personal,47,34.83,7,386.95,537.43
T13,CD-Arequipa,Arequipa,P079,Afeitadora Braun,Cuidado Personal,53,44.25,9,593.25,823.96
T13,CD-Arequipa,Arequipa,P080,Espejo con luz LED,Cuidado Personal,72,31.0,6,548.46,761.75
T13,CD-Arequipa,Arequipa,P081,Masajeador eléctrico,Cuidado Personal,91,49.67,10,244.56,339.66
T13,CD-Arequipa,Arequipa,P082,Rizadora Conair,Cuidado Personal,102,40.83,8,598.89,831.79
T13,CD-Arequipa,Arequipa,P083,Kit de manicura,Cuidado Personal,55,36.42,7,115.68,160.67
T13,CD-Arequipa,Arequipa,P084,Balanza digital,Cuidado Personal,65,43.58,9,464.58,645.25
T13,CD-Arequipa,Arequipa,P085,Cable HDMI 2m,Accesorios,6,37.0,7,521.11,723.77
T13,CD-Arequipa,Arequipa,P086,Cable USB-C,Accesorios,93,39.75,8,361.76,502.44
T13,CD-Arequipa,Arequipa,P087,Mouse inalámbrico,Accesorios,30,40.67,8,325.0,451.39
T13,CD-Arequipa,Arequipa,P088,Teclado inalámbrico,Accesorios,105,48.33,10,627.49,871.52
T13,CD-Arequipa,Arequipa,P089,Audífonos con micrófono,Accesorios,79,48.83,10,628.68,873.16
T13,CD-Arequipa,Arequipa,P090,Soporte para TV,Accesorios,62,27.17,5,554.98,770.8
T13,CD-Arequipa,Arequipa,P091,Regulador de voltaje,Accesorios,102,42.33,8,340.49,472.9
T13,CD-Arequipa,Arequipa,P092,Estabilizador,Accesorios,15,46.17,9,95.56,132.72
T13,CD-Arequipa,Arequipa,P093,UPS 1000VA,Accesorios,69,29.0,6,214.92,298.5
T13,CD-Arequipa,Arequipa,P094,Hub USB multipuerto,Accesorios,42,41.5,8,351.87,488.71
T13,CD-Arequipa,Arequipa,P095,Tarjeta SD 128GB,Accesorios,91,36.58,7,114.67,159.26
T13,CD-Arequipa,Arequipa,P096,Memoria USB 64GB,Accesorios,66,35.0,7,498.95,692.99
T14,CD-Arequipa,Cusco,P001,Refrigeradora LG 340L,Línea Blanca,26,13.83,3,1932.38,2683.86
T14,CD-Arequipa,Cusco,P002,Refrigeradora Samsung 450L,Línea Blanca,13,11.58,2,2799.88,3888.72
T14,CD-Arequipa,Cusco,P003,Refrigeradora Bosch 280L,Línea Blanca,27,13.33,3,2491.98,3461.09
T14,CD-Arequipa,Cusco,P004,Lavadora LG 15kg,Línea Blanca,17,11.17,2,2478.23,3441.98
T14,CD-Arequipa,Cusco,P005,Lavadora Samsung 18kg,Línea Blanca,2,16.58,3,1363.49,1893.74
T14,CD-Arequipa,Cusco,P006,Lavadora Whirlpool 14kg,Línea Blanca,34,14.25,3,1461.59,2029.99
T14,CD-Arequipa,Cusco,P007,Secadora Electrolux 10kg,Línea Blanca,21,11.17,2,3192.27,4433.71
T14,CD-Arequipa,Cusco,P008,Cocina a gas Indurama 4H,Línea Blanca,24,10.0,2,3072.06,4266.75
T14,CD-Arequipa,Cusco,P009,Cocina eléctrica Mabe 4H,Línea Blanca,2,10.08,2,2777.0,3856.95
T14,CD-Arequipa,Cusco,P010,Campana extractora Bosch,Línea Blanca,11,10.17,2,3239.19,4498.87
T14,CD-Arequipa,Cusco,P011,Horno empotrado Electrolux,Línea Blanca,21,9.92,2,2084.28,2894.84
T14,CD-Arequipa,Cusco,P012,Lavaplatos Frigidaire,Línea Blanca,0,14.67,3,1045.34,1451.86
T14,CD-Arequipa,Cusco,P013,Smart TV LG 55,TV y Audio,21,9.42,2,1672.78,2323.3
T14,CD-Arequipa,Cusco,P014,Smart TV Samsung 65,TV y Audio,1,13.83,3,2188.5,3039.59
T14,CD-Arequipa,Cusco,P015,Smart TV Sony 75,TV y Audio,5,11.92,2,1558.08,2164.0
T14,CD-Arequipa,Cusco,P016,Smart TV TCL 50,TV y Audio,16,13.08,3,1950.9,2709.58
T14,CD-Arequipa,Cusco,P017,TV OLED LG 65,TV y Audio,0,13.67,3,2946.51,4092.37
T14,CD-Arequipa,Cusco,P018,Soundbar Samsung 5.1,TV y Audio,27,11.33,2,2536.65,3523.12
T14,CD-Arequipa,Cusco,P019,Soundbar JBL 2.1,TV y Audio,15,12.67,3,2235.96,3105.5
T14,CD-Arequipa,Cusco,P020,Home theater Sony,TV y Audio,29,11.67,2,922.78,1281.64
T14,CD-Arequipa,Cusco,P021,Parlante Bluetooth JBL,TV y Audio,13,14.5,3,2553.01,3545.85
T14,CD-Arequipa,Cusco,P022,Audífonos Sony WH-1000,TV y Audio,0,11.42,2,1727.78,2399.69
T14,CD-Arequipa,Cusco,P023,Barra Bose 900,TV y Audio,20,11.17,2,1867.19,2593.32
T14,CD-Arequipa,Cusco,P024,Receptor AV Yamaha,TV y Audio,15,9.17,2,1811.48,2515.95
T14,CD-Arequipa,Cusco,P025,Licuadora Oster 700W,Pequeños Electrodomésticos,72,44.25,9,403.41,560.29
T14,CD-Arequipa,Cusco,P026,Licuadora Philips 1000W,Pequeños Electrodomésticos,32,48.75,10,351.89,488.73
T14,CD-Arequipa,Cusco,P027,Microondas LG 32L,Pequeños Electrodomésticos,84,44.25,9,126.35,175.49
T14,CD-Arequipa,Cusco,P028,Microondas Panasonic 25L,Pequeños Electrodomésticos,79,39.17,8,356.55,495.21
T14,CD-Arequipa,Cusco,P029,Hervidor eléctrico Bosch,Pequeños Electrodomésticos,69,36.25,7,500.49,695.12
T14,CD-Arequipa,Cusco,P030,Cafetera DeLonghi,Pequeños Electrodomésticos,98,41.67,8,411.94,572.14
T14,CD-Arequipa,Cusco,P031,Freidora de aire Philips,Pequeños Electrodomésticos,4,25.75,5,347.51,482.65
T14,CD-Arequipa,Cusco,P032,Aspiradora Dyson V11,Pequeños Electrodomésticos,36,32.75,7,598.85,831.74
T14,CD-Arequipa,Cusco,P033,Plancha a vapor Rowenta,Pequeños Electrodomésticos,12,27.5,6,210.3,292.09
T14,CD-Arequipa,Cusco,P034,Batidora KitchenAid,Pequeños Electrodomésticos,16,31.92,6,305.55,424.37
T14,CD-Arequipa,Cusco,P035,Tostadora Oster,Pequeños Electrodomésticos,21,46.25,9,604.45,839.51
T14,CD-Arequipa,Cusco,P036,Purificador de agua,Pequeños Electrodomésticos,11,29.92,6,340.52,472.94
T14,CD-Arequipa,Cusco,P037,Laptop HP 15,Cómputo,26,11.08,2,2094.74,2909.36
T14,CD-Arequipa,Cusco,P038,Laptop Lenovo ThinkPad,Cómputo,15,11.42,2,924.29,1283.74
T14,CD-Arequipa,Cusco,P039,Laptop Asus VivoBook,Cómputo,28,13.92,3,1397.47,1940.93
T14,CD-Arequipa,Cusco,P040,Laptop Dell Inspiron,Cómputo,5,8.5,2,1170.5,1625.7
T14,CD-Arequipa,Cusco,P041,Monitor LG 27,Cómputo,25,18.5,4,980.16,1361.33
T14,CD-Arequipa,Cusco,P042,Monitor Samsung 24,Cómputo,16,10.58,2,2538.28,3525.39
T14,CD-Arequipa,Cusco,P043,Monitor BenQ 32,Cómputo,8,14.0,3,2971.09,4126.52
T14,CD-Arequipa,Cusco,P044,Impresora Epson EcoTank,Cómputo,30,13.08,3,1107.72,1538.5
T14,CD-Arequipa,Cusco,P045,Impresora HP LaserJet,Cómputo,11,13.33,3,2342.61,3253.62
T14,CD-Arequipa,Cusco,P046,All-in-one Dell,Cómputo,19,12.17,2,1980.81,2751.13
T14,CD-Arequipa,Cusco,P047,Mini PC Intel NUC,Cómputo,26,11.0,2,2009.5,2790.97
T14,CD-Arequipa,Cusco,P048,Teclado mecánico Logitech,Cómputo,15,9.25,2,1407.93,1955.46
T14,CD-Arequipa,Cusco,P049,Smartphone iPhone 15,Celulares y Tablets,27,11.75,2,3238.6,4498.05
T14,CD-Arequipa,Cusco,P050,Smartphone Samsung S24,Celulares y Tablets,21,20.08,4,2417.29,3357.35
T14,CD-Arequipa,Cusco,P051,Smartphone Xiaomi Redmi,Celulares y Tablets,5,12.5,2,1879.13,2609.9
T14,CD-Arequipa,Cusco,P052,Tablet iPad 10,Celulares y Tablets,8,10.67,2,1919.08,2665.39
T14,CD-Arequipa,Cusco,P053,Tablet Samsung Galaxy Tab,Celulares y Tablets,9,11.17,2,3376.54,4689.64
T14,CD-Arequipa,Cusco,P054,Smartwatch Apple Watch,Celulares y Tablets,0,12.75,3,3559.53,4943.79
T14,CD-Arequipa,Cusco,P055,Smartwatch Samsung Galaxy,Celulares y Tablets,26,11.17,2,2160.56,3000.78
T14,CD-Arequipa,Cusco,P056,Auriculares AirPods,Celulares y Tablets,19,13.75,3,2205.43,3063.1
T14,CD-Arequipa,Cusco,P057,Cargador inalámbrico,Celulares y Tablets,9,17.58,4,2553.78,3546.92
T14,CD-Arequipa,Cusco,P058,Funda protectora,Celulares y Tablets,20,10.33,2,1406.56,1953.56
T14,CD-Arequipa,Cusco,P059,Power bank Anker,Celulares y Tablets,16,12.58,3,2965.77,4119.13
T14,CD-Arequipa,Cusco,P060,Smartphone Motorola G84,Celulares y Tablets,10,16.08,3,2022.02,2808.36
T14,CD-Arequipa,Cusco,P061,Aire acondicionado LG 12000BTU,Climatización,29,18.75,4,852.36,1183.84
T14,CD-Arequipa,Cusco,P062,AC Samsung Inverter,Climatización,35,19.5,4,1421.77,1974.68
T14,CD-Arequipa,Cusco,P063,AC Midea 9000BTU,Climatización,11,20.08,4,788.03,1094.48
T14,CD-Arequipa,Cusco,P064,Ventilador de pie,Climatización,3,22.0,4,593.3,824.03
T14,CD-Arequipa,Cusco,P065,Ventilador de techo,Climatización,4,26.33,5,557.73,774.62
T14,CD-Arequipa,Cusco,P066,Calefactor eléctrico,Climatización,24,18.33,4,226.48,314.56
T14,CD-Arequipa,Cusco,P067,Humidificador,Climatización,44,19.25,4,1100.52,1528.5
T14,CD-Arequipa,Cusco,P068,Deshumidificador,Climatización,15,24.83,5,1018.57,1414.68
T14,CD-Arequipa,Cusco,P069,Purificador de aire Xiaomi,Climatización,22,21.92,4,823.35,1143.54
T14,CD-Arequipa,Cusco,P070,Climatizador evaporativo,Climatización,25,18.08,4,914.13,1269.63
T14,CD-Arequipa,Cusco,P071,Calefón a gas,Climatización,16,21.58,4,867.28,1204.56
T14,CD-Arequipa,Cusco,P072,Terma eléctrica,Climatización,9,23.25,5,1473.8,2046.94
T14,CD-Arequipa,Cusco,P073,Secadora de cabello Gama,Cuidado Personal,40,39.33,8,211.17,293.29
T14,CD-Arequipa,Cusco,P074,Plancha de cabello Babyliss,Cuidado Personal,30,50.08,10,344.28,478.17
T14,CD-Arequipa,Cusco,P075,Afeitadora Philips,Cuidado Personal,25,51.75,10,359.45,499.24
T14,CD-Arequipa,Cusco,P076,Cortadora de cabello Wahl,Cuidado Personal,30,46.92,9,545.37,757.46
T14,CD-Arequipa,Cusco,P077,Cepillo dental eléctrico,Cuidado Personal,92,43.58,9,534.62,742.53
T14,CD-Arequipa,Cusco,P078,Depiladora Braun,Cuidado Personal,15,39.5,8,386.95,537.43
T14,CD-Arequipa,Cusco,P079,Afeitadora Braun,Cuidado Personal,98,45.92,9,593.25,823.96
T14,CD-Arequipa,Cusco,P080,Espejo con luz LED,Cuidado Personal,89,39.42,8,548.46,761.75
T14,CD-Arequipa,Cusco,P081,Masajeador eléctrico,Cuidado Personal,10,26.33,5,244.56,339.66
T14,CD-Arequipa,Cusco,P082,Rizadora Conair,Cuidado Personal,55,35.42,7,598.89,831.79
T14,CD-Arequipa,Cusco,P083,Kit de manicura,Cuidado Personal,18,38.83,8,115.68,160.67
T14,CD-Arequipa,Cusco,P084,Balanza digital,Cuidado Personal,9,40.5,8,464.58,645.25
T14,CD-Arequipa,Cusco,P085,Cable HDMI 2m,Accesorios,59,26.58,5,521.11,723.77
T14,CD-Arequipa,Cusco,P086,Cable USB-C,Accesorios,81,41.67,8,361.76,502.44
T14,CD-Arequipa,Cusco,P087,Mouse inalámbrico,Accesorios,94,45.75,9,325.0,451.39
T14,CD-Arequipa,Cusco,P088,Teclado inalámbrico,Accesorios,97,48.08,10,627.49,871.52
T14,CD-Arequipa,Cusco,P089,Audífonos con micrófono,Accesorios,26,47.25,9,628.68,873.16
T14,CD-Arequipa,Cusco,P090,Soporte para TV,Accesorios,25,37.08,7,554.98,770.8
T14,CD-Arequipa,Cusco,P091,Regulador de voltaje,Accesorios,2,33.83,7,340.49,472.9
T14,CD-Arequipa,Cusco,P092,Estabilizador,Accesorios,58,29.33,6,95.56,132.72
T14,CD-Arequipa,Cusco,P093,UPS 1000VA,Accesorios,79,34.92,7,214.92,298.5
T14,CD-Arequipa,Cusco,P094,Hub USB multipuerto,Accesorios,93,42.75,9,351.87,488.71
T14,CD-Arequipa,Cusco,P095,Tarjeta SD 128GB,Accesorios,100,45.67,9,114.67,159.26
T14,CD-Arequipa,Cusco,P096,Memoria USB 64GB,Accesorios,35,32.42,6,498.95,692.99
T15,CD-Arequipa,Puno,P001,Refrigeradora LG 340L,Línea Blanca,16,12.08,2,1932.38,2683.86
T15,CD-Arequipa,Puno,P002,Refrigeradora Samsung 450L,Línea Blanca,12,14.17,3,2799.88,3888.72
T15,CD-Arequipa,Puno,P003,Refrigeradora Bosch 280L,Línea Blanca,13,13.08,3,2491.98,3461.09
T15,CD-Arequipa,Puno,P004,Lavadora LG 15kg,Línea Blanca,26,11.83,2,2478.23,3441.98
T15,CD-Arequipa,Puno,P005,Lavadora Samsung 18kg,Línea Blanca,29,12.75,3,1363.49,1893.74
T15,CD-Arequipa,Puno,P006,Lavadora Whirlpool 14kg,Línea Blanca,11,10.42,2,1461.59,2029.99
T15,CD-Arequipa,Puno,P007,Secadora Electrolux 10kg,Línea Blanca,31,14.67,3,3192.27,4433.71
T15,CD-Arequipa,Puno,P008,Cocina a gas Indurama 4H,Línea Blanca,23,11.5,2,3072.06,4266.75
T15,CD-Arequipa,Puno,P009,Cocina eléctrica Mabe 4H,Línea Blanca,18,10.42,2,2777.0,3856.95
T15,CD-Arequipa,Puno,P010,Campana extractora Bosch,Línea Blanca,21,11.42,2,3239.19,4498.87
T15,CD-Arequipa,Puno,P011,Horno empotrado Electrolux,Línea Blanca,17,11.08,2,2084.28,2894.84
T15,CD-Arequipa,Puno,P012,Lavaplatos Frigidaire,Línea Blanca,12,12.08,2,1045.34,1451.86
T15,CD-Arequipa,Puno,P013,Smart TV LG 55,TV y Audio,29,12.08,2,1672.78,2323.3
T15,CD-Arequipa,Puno,P014,Smart TV Samsung 65,TV y Audio,2,12.75,3,2188.5,3039.59
T15,CD-Arequipa,Puno,P015,Smart TV Sony 75,TV y Audio,0,15.25,3,1558.08,2164.0
T15,CD-Arequipa,Puno,P016,Smart TV TCL 50,TV y Audio,4,13.08,3,1950.9,2709.58
T15,CD-Arequipa,Puno,P017,TV OLED LG 65,TV y Audio,8,13.08,3,2946.51,4092.37
T15,CD-Arequipa,Puno,P018,Soundbar Samsung 5.1,TV y Audio,20,10.17,2,2536.65,3523.12
T15,CD-Arequipa,Puno,P019,Soundbar JBL 2.1,TV y Audio,21,13.08,3,2235.96,3105.5
T15,CD-Arequipa,Puno,P020,Home theater Sony,TV y Audio,9,11.58,2,922.78,1281.64
T15,CD-Arequipa,Puno,P021,Parlante Bluetooth JBL,TV y Audio,21,12.33,2,2553.01,3545.85
T15,CD-Arequipa,Puno,P022,Audífonos Sony WH-1000,TV y Audio,17,9.83,2,1727.78,2399.69
T15,CD-Arequipa,Puno,P023,Barra Bose 900,TV y Audio,27,16.75,3,1867.19,2593.32
T15,CD-Arequipa,Puno,P024,Receptor AV Yamaha,TV y Audio,10,11.08,2,1811.48,2515.95
T15,CD-Arequipa,Puno,P025,Licuadora Oster 700W,Pequeños Electrodomésticos,86,42.25,8,403.41,560.29
T15,CD-Arequipa,Puno,P026,Licuadora Philips 1000W,Pequeños Electrodomésticos,54,32.33,6,351.89,488.73
T15,CD-Arequipa,Puno,P027,Microondas LG 32L,Pequeños Electrodomésticos,9,29.58,6,126.35,175.49
T15,CD-Arequipa,Puno,P028,Microondas Panasonic 25L,Pequeños Electrodomésticos,50,26.17,5,356.55,495.21
T15,CD-Arequipa,Puno,P029,Hervidor eléctrico Bosch,Pequeños Electrodomésticos,60,43.75,9,500.49,695.12
T15,CD-Arequipa,Puno,P030,Cafetera DeLonghi,Pequeños Electrodomésticos,20,38.0,8,411.94,572.14
T15,CD-Arequipa,Puno,P031,Freidora de aire Philips,Pequeños Electrodomésticos,6,48.75,10,347.51,482.65
T15,CD-Arequipa,Puno,P032,Aspiradora Dyson V11,Pequeños Electrodomésticos,38,35.67,7,598.85,831.74
T15,CD-Arequipa,Puno,P033,Plancha a vapor Rowenta,Pequeños Electrodomésticos,64,35.0,7,210.3,292.09
T15,CD-Arequipa,Puno,P034,Batidora KitchenAid,Pequeños Electrodomésticos,110,48.08,10,305.55,424.37
T15,CD-Arequipa,Puno,P035,Tostadora Oster,Pequeños Electrodomésticos,39,38.25,8,604.45,839.51
T15,CD-Arequipa,Puno,P036,Purificador de agua,Pequeños Electrodomésticos,35,36.67,7,340.52,472.94
T15,CD-Arequipa,Puno,P037,Laptop HP 15,Cómputo,8,10.83,2,2094.74,2909.36
T15,CD-Arequipa,Puno,P038,Laptop Lenovo ThinkPad,Cómputo,30,14.83,3,924.29,1283.74
T15,CD-Arequipa,Puno,P039,Laptop Asus VivoBook,Cómputo,12,13.42,3,1397.47,1940.93
T15,CD-Arequipa,Puno,P040,Laptop Dell Inspiron,Cómputo,22,13.0,3,1170.5,1625.7
T15,CD-Arequipa,Puno,P041,Monitor LG 27,Cómputo,7,13.42,3,980.16,1361.33
T15,CD-Arequipa,Puno,P042,Monitor Samsung 24,Cómputo,27,13.5,3,2538.28,3525.39
T15,CD-Arequipa,Puno,P043,Monitor BenQ 32,Cómputo,19,12.67,3,2971.09,4126.52
T15,CD-Arequipa,Puno,P044,Impresora Epson EcoTank,Cómputo,25,13.58,3,1107.72,1538.5
T15,CD-Arequipa,Puno,P045,Impresora HP LaserJet,Cómputo,32,13.5,3,2342.61,3253.62
T15,CD-Arequipa,Puno,P046,All-in-one Dell,Cómputo,15,11.75,2,1980.81,2751.13
T15,CD-Arequipa,Puno,P047,Mini PC Intel NUC,Cómputo,20,13.17,3,2009.5,2790.97
T15,CD-Arequipa,Puno,P048,Teclado mecánico Logitech,Cómputo,30,14.75,3,1407.93,1955.46
T15,CD-Arequipa,Puno,P049,Smartphone iPhone 15,Celulares y Tablets,22,10.33,2,3238.6,4498.05
T15,CD-Arequipa,Puno,P050,Smartphone Samsung S24,Celulares y Tablets,19,11.17,2,2417.29,3357.35
T15,CD-Arequipa,Puno,P051,Smartphone Xiaomi Redmi,Celulares y Tablets,15,11.58,2,1879.13,2609.9
T15,CD-Arequipa,Puno,P052,Tablet iPad 10,Celulares y Tablets,7,10.25,2,1919.08,2665.39
T15,CD-Arequipa,Puno,P053,Tablet Samsung Galaxy Tab,Celulares y Tablets,32,14.75,3,3376.54,4689.64
T15,CD-Arequipa,Puno,P054,Smartwatch Apple Watch,Celulares y Tablets,21,10.92,2,3559.53,4943.79
T15,CD-Arequipa,Puno,P055,Smartwatch Samsung Galaxy,Celulares y Tablets,25,15.92,3,2160.56,3000.78
T15,CD-Arequipa,Puno,P056,Auriculares AirPods,Celulares y Tablets,27,13.83,3,2205.43,3063.1
T15,CD-Arequipa,Puno,P057,Cargador inalámbrico,Celulares y Tablets,19,12.08,2,2553.78,3546.92
T15,CD-Arequipa,Puno,P058,Funda protectora,Celulares y Tablets,4,12.75,3,1406.56,1953.56
T15,CD-Arequipa,Puno,P059,Power bank Anker,Celulares y Tablets,8,13.67,3,2965.77,4119.13
T15,CD-Arequipa,Puno,P060,Smartphone Motorola G84,Celulares y Tablets,3,7.42,1,2022.02,2808.36
T15,CD-Arequipa,Puno,P061,Aire acondicionado LG 12000BTU,Climatización,25,21.75,4,852.36,1183.84
T15,CD-Arequipa,Puno,P062,AC Samsung Inverter,Climatización,4,18.25,4,1421.77,1974.68
T15,CD-Arequipa,Puno,P063,AC Midea 9000BTU,Climatización,20,15.83,3,788.03,1094.48
T15,CD-Arequipa,Puno,P064,Ventilador de pie,Climatización,56,24.83,5,593.3,824.03
T15,CD-Arequipa,Puno,P065,Ventilador de techo,Climatización,14,19.33,4,557.73,774.62
T15,CD-Arequipa,Puno,P066,Calefactor eléctrico,Climatización,17,22.92,5,226.48,314.56
T15,CD-Arequipa,Puno,P067,Humidificador,Climatización,41,19.33,4,1100.52,1528.5
T15,CD-Arequipa,Puno,P068,Deshumidificador,Climatización,17,17.25,3,1018.57,1414.68
T15,CD-Arequipa,Puno,P069,Purificador de aire Xiaomi,Climatización,4,15.25,3,823.35,1143.54
T15,CD-Arequipa,Puno,P070,Climatizador evaporativo,Climatización,27,17.42,3,914.13,1269.63
T15,CD-Arequipa,Puno,P071,Calefón a gas,Climatización,34,16.67,3,867.28,1204.56
T15,CD-Arequipa,Puno,P072,Terma eléctrica,Climatización,1,28.25,6,1473.8,2046.94
T15,CD-Arequipa,Puno,P073,Secadora de cabello Gama,Cuidado Personal,13,34.25,7,211.17,293.29
T15,CD-Arequipa,Puno,P074,Plancha de cabello Babyliss,Cuidado Personal,60,37.83,8,344.28,478.17
T15,CD-Arequipa,Puno,P075,Afeitadora Philips,Cuidado Personal,3,29.0,6,359.45,499.24
T15,CD-Arequipa,Puno,P076,Cortadora de cabello Wahl,Cuidado Personal,50,33.58,7,545.37,757.46
T15,CD-Arequipa,Puno,P077,Cepillo dental eléctrico,Cuidado Personal,79,35.75,7,534.62,742.53
T15,CD-Arequipa,Puno,P078,Depiladora Braun,Cuidado Personal,17,41.17,8,386.95,537.43
T15,CD-Arequipa,Puno,P079,Afeitadora Braun,Cuidado Personal,58,33.92,7,593.25,823.96
T15,CD-Arequipa,Puno,P080,Espejo con luz LED,Cuidado Personal,25,48.0,10,548.46,761.75
T15,CD-Arequipa,Puno,P081,Masajeador eléctrico,Cuidado Personal,35,32.42,6,244.56,339.66
T15,CD-Arequipa,Puno,P082,Rizadora Conair,Cuidado Personal,107,47.92,10,598.89,831.79
T15,CD-Arequipa,Puno,P083,Kit de manicura,Cuidado Personal,99,40.33,8,115.68,160.67
T15,CD-Arequipa,Puno,P084,Balanza digital,Cuidado Personal,106,47.42,9,464.58,645.25
T15,CD-Arequipa,Puno,P085,Cable HDMI 2m,Accesorios,92,45.58,9,521.11,723.77
T15,CD-Arequipa,Puno,P086,Cable USB-C,Accesorios,25,45.58,9,361.76,502.44
T15,CD-Arequipa,Puno,P087,Mouse inalámbrico,Accesorios,40,37.83,8,325.0,451.39
T15,CD-Arequipa,Puno,P088,Teclado inalámbrico,Accesorios,62,40.83,8,627.49,871.52
T15,CD-Arequipa,Puno,P089,Audífonos con micrófono,Accesorios,31,38.75,8,628.68,873.16
T15,CD-Arequipa,Puno,P090,Soporte para TV,Accesorios,81,38.17,8,554.98,770.8
T15,CD-Arequipa,Puno,P091,Regulador de voltaje,Accesorios,31,42.17,8,340.49,472.9
T15,CD-Arequipa,Puno,P092,Estabilizador,Accesorios,45,49.67,10,95.56,132.72
T15,CD-Arequipa,Puno,P093,UPS 1000VA,Accesorios,19,31.5,6,214.92,298.5
T15,CD-Arequipa,Puno,P094,Hub USB multipuerto,Accesorios,66,38.33,8,351.87,488.71
T15,CD-Arequipa,Puno,P095,Tarjeta SD 128GB,Accesorios,14,34.33,7,114.67,159.26
T15,CD-Arequipa,Puno,P096,Memoria USB 64GB,Accesorios,48,32.75,7,498.95,692.99
T16,CD-Arequipa,Tacna,P001,Refrigeradora LG 340L,Línea Blanca,1,12.33,2,1932.38,2683.86
T16,CD-Arequipa,Tacna,P002,Refrigeradora Samsung 450L,Línea Blanca,11,18.33,4,2799.88,3888.72
T16,CD-Arequipa,Tacna,P003,Refrigeradora Bosch 280L,Línea Blanca,7,11.92,2,2491.98,3461.09
T16,CD-Arequipa,Tacna,P004,Lavadora LG 15kg,Línea Blanca,3,15.83,3,2478.23,3441.98
T16,CD-Arequipa,Tacna,P005,Lavadora Samsung 18kg,Línea Blanca,0,13.25,3,1363.49,1893.74
T16,CD-Arequipa,Tacna,P006,Lavadora Whirlpool 14kg,Línea Blanca,21,15.58,3,1461.59,2029.99
T16,CD-Arequipa,Tacna,P007,Secadora Electrolux 10kg,Línea Blanca,13,11.08,2,3192.27,4433.71
T16,CD-Arequipa,Tacna,P008,Cocina a gas Indurama 4H,Línea Blanca,12,10.58,2,3072.06,4266.75
T16,CD-Arequipa,Tacna,P009,Cocina eléctrica Mabe 4H,Línea Blanca,7,11.0,2,2777.0,3856.95
T16,CD-Arequipa,Tacna,P010,Campana extractora Bosch,Línea Blanca,2,12.0,2,3239.19,4498.87
T16,CD-Arequipa,Tacna,P011,Horno empotrado Electrolux,Línea Blanca,8,9.5,2,2084.28,2894.84
T16,CD-Arequipa,Tacna,P012,Lavaplatos Frigidaire,Línea Blanca,32,13.0,3,1045.34,1451.86
T16,CD-Arequipa,Tacna,P013,Smart TV LG 55,TV y Audio,28,11.5,2,1672.78,2323.3
T16,CD-Arequipa,Tacna,P014,Smart TV Samsung 65,TV y Audio,2,16.75,3,2188.5,3039.59
T16,CD-Arequipa,Tacna,P015,Smart TV Sony 75,TV y Audio,0,14.5,3,1558.08,2164.0
T16,CD-Arequipa,Tacna,P016,Smart TV TCL 50,TV y Audio,3,13.0,3,1950.9,2709.58
T16,CD-Arequipa,Tacna,P017,TV OLED LG 65,TV y Audio,1,12.92,3,2946.51,4092.37
T16,CD-Arequipa,Tacna,P018,Soundbar Samsung 5.1,TV y Audio,22,12.92,3,2536.65,3523.12
T16,CD-Arequipa,Tacna,P019,Soundbar JBL 2.1,TV y Audio,23,14.25,3,2235.96,3105.5
T16,CD-Arequipa,Tacna,P020,Home theater Sony,TV y Audio,31,12.92,3,922.78,1281.64
T16,CD-Arequipa,Tacna,P021,Parlante Bluetooth JBL,TV y Audio,25,12.67,3,2553.01,3545.85
T16,CD-Arequipa,Tacna,P022,Audífonos Sony WH-1000,TV y Audio,0,12.58,3,1727.78,2399.69
T16,CD-Arequipa,Tacna,P023,Barra Bose 900,TV y Audio,7,13.58,3,1867.19,2593.32
T16,CD-Arequipa,Tacna,P024,Receptor AV Yamaha,TV y Audio,31,12.92,3,1811.48,2515.95
T16,CD-Arequipa,Tacna,P025,Licuadora Oster 700W,Pequeños Electrodomésticos,21,36.83,7,403.41,560.29
T16,CD-Arequipa,Tacna,P026,Licuadora Philips 1000W,Pequeños Electrodomésticos,63,42.83,9,351.89,488.73
T16,CD-Arequipa,Tacna,P027,Microondas LG 32L,Pequeños Electrodomésticos,81,43.83,9,126.35,175.49
T16,CD-Arequipa,Tacna,P028,Microondas Panasonic 25L,Pequeños Electrodomésticos,16,33.75,7,356.55,495.21
T16,CD-Arequipa,Tacna,P029,Hervidor eléctrico Bosch,Pequeños Electrodomésticos,83,34.42,7,500.49,695.12
T16,CD-Arequipa,Tacna,P030,Cafetera DeLonghi,Pequeños Electrodomésticos,26,37.0,7,411.94,572.14
T16,CD-Arequipa,Tacna,P031,Freidora de aire Philips,Pequeños Electrodomésticos,6,42.75,9,347.51,482.65
T16,CD-Arequipa,Tacna,P032,Aspiradora Dyson V11,Pequeños Electrodomésticos,40,31.17,6,598.85,831.74
T16,CD-Arequipa,Tacna,P033,Plancha a vapor Rowenta,Pequeños Electrodomésticos,10,39.5,8,210.3,292.09
T16,CD-Arequipa,Tacna,P034,Batidora KitchenAid,Pequeños Electrodomésticos,10,32.08,6,305.55,424.37
T16,CD-Arequipa,Tacna,P035,Tostadora Oster,Pequeños Electrodomésticos,80,35.67,7,604.45,839.51
T16,CD-Arequipa,Tacna,P036,Purificador de agua,Pequeños Electrodomésticos,40,47.33,9,340.52,472.94
T16,CD-Arequipa,Tacna,P037,Laptop HP 15,Cómputo,23,12.17,2,2094.74,2909.36
T16,CD-Arequipa,Tacna,P038,Laptop Lenovo ThinkPad,Cómputo,9,12.42,2,924.29,1283.74
T16,CD-Arequipa,Tacna,P039,Laptop Asus VivoBook,Cómputo,17,12.42,2,1397.47,1940.93
T16,CD-Arequipa,Tacna,P040,Laptop Dell Inspiron,Cómputo,16,12.67,3,1170.5,1625.7
T16,CD-Arequipa,Tacna,P041,Monitor LG 27,Cómputo,12,10.08,2,980.16,1361.33
T16,CD-Arequipa,Tacna,P042,Monitor Samsung 24,Cómputo,12,11.58,2,2538.28,3525.39
T16,CD-Arequipa,Tacna,P043,Monitor BenQ 32,Cómputo,19,11.75,2,2971.09,4126.52
T16,CD-Arequipa,Tacna,P044,Impresora Epson EcoTank,Cómputo,1,8.92,2,1107.72,1538.5
T16,CD-Arequipa,Tacna,P045,Impresora HP LaserJet,Cómputo,31,12.83,3,2342.61,3253.62
T16,CD-Arequipa,Tacna,P046,All-in-one Dell,Cómputo,31,13.75,3,1980.81,2751.13
T16,CD-Arequipa,Tacna,P047,Mini PC Intel NUC,Cómputo,10,13.25,3,2009.5,2790.97
T16,CD-Arequipa,Tacna,P048,Teclado mecánico Logitech,Cómputo,25,14.42,3,1407.93,1955.46
T16,CD-Arequipa,Tacna,P049,Smartphone iPhone 15,Celulares y Tablets,3,16.42,3,3238.6,4498.05
T16,CD-Arequipa,Tacna,P050,Smartphone Samsung S24,Celulares y Tablets,5,11.0,2,2417.29,3357.35
T16,CD-Arequipa,Tacna,P051,Smartphone Xiaomi Redmi,Celulares y Tablets,21,14.92,3,1879.13,2609.9
T16,CD-Arequipa,Tacna,P052,Tablet iPad 10,Celulares y Tablets,23,10.17,2,1919.08,2665.39
T16,CD-Arequipa,Tacna,P053,Tablet Samsung Galaxy Tab,Celulares y Tablets,13,14.67,3,3376.54,4689.64
T16,CD-Arequipa,Tacna,P054,Smartwatch Apple Watch,Celulares y Tablets,30,16.83,3,3559.53,4943.79
T16,CD-Arequipa,Tacna,P055,Smartwatch Samsung Galaxy,Celulares y Tablets,19,13.42,3,2160.56,3000.78
T16,CD-Arequipa,Tacna,P056,Auriculares AirPods,Celulares y Tablets,6,14.25,3,2205.43,3063.1
T16,CD-Arequipa,Tacna,P057,Cargador inalámbrico,Celulares y Tablets,10,15.58,3,2553.78,3546.92
T16,CD-Arequipa,Tacna,P058,Funda protectora,Celulares y Tablets,21,11.75,2,1406.56,1953.56
T16,CD-Arequipa,Tacna,P059,Power bank Anker,Celulares y Tablets,7,13.75,3,2965.77,4119.13
T16,CD-Arequipa,Tacna,P060,Smartphone Motorola G84,Celulares y Tablets,24,13.58,3,2022.02,2808.36
T16,CD-Arequipa,Tacna,P061,Aire acondicionado LG 12000BTU,Climatización,23,22.92,5,852.36,1183.84
T16,CD-Arequipa,Tacna,P062,AC Samsung Inverter,Climatización,34,21.58,4,1421.77,1974.68
T16,CD-Arequipa,Tacna,P063,AC Midea 9000BTU,Climatización,38,23.08,5,788.03,1094.48
T16,CD-Arequipa,Tacna,P064,Ventilador de pie,Climatización,30,18.17,4,593.3,824.03
T16,CD-Arequipa,Tacna,P065,Ventilador de techo,Climatización,7,21.33,4,557.73,774.62
T16,CD-Arequipa,Tacna,P066,Calefactor eléctrico,Climatización,26,23.33,5,226.48,314.56
T16,CD-Arequipa,Tacna,P067,Humidificador,Climatización,52,21.58,4,1100.52,1528.5
T16,CD-Arequipa,Tacna,P068,Deshumidificador,Climatización,4,18.17,4,1018.57,1414.68
T16,CD-Arequipa,Tacna,P069,Purificador de aire Xiaomi,Climatización,31,15.83,3,823.35,1143.54
T16,CD-Arequipa,Tacna,P070,Climatizador evaporativo,Climatización,50,22.83,5,914.13,1269.63
T16,CD-Arequipa,Tacna,P071,Calefón a gas,Climatización,9,12.5,2,867.28,1204.56
T16,CD-Arequipa,Tacna,P072,Terma eléctrica,Climatización,37,17.92,4,1473.8,2046.94
T16,CD-Arequipa,Tacna,P073,Secadora de cabello Gama,Cuidado Personal,33,36.92,7,211.17,293.29
T16,CD-Arequipa,Tacna,P074,Plancha de cabello Babyliss,Cuidado Personal,48,40.67,8,344.28,478.17
T16,CD-Arequipa,Tacna,P075,Afeitadora Philips,Cuidado Personal,74,51.08,10,359.45,499.24
T16,CD-Arequipa,Tacna,P076,Cortadora de cabello Wahl,Cuidado Personal,31,37.17,7,545.37,757.46
T16,CD-Arequipa,Tacna,P077,Cepillo dental eléctrico,Cuidado Personal,104,51.58,10,534.62,742.53
T16,CD-Arequipa,Tacna,P078,Depiladora Braun,Cuidado Personal,66,34.58,7,386.95,537.43
T16,CD-Arequipa,Tacna,P079,Afeitadora Braun,Cuidado Personal,60,38.25,8,593.25,823.96
T16,CD-Arequipa,Tacna,P080,Espejo con luz LED,Cuidado Personal,44,43.0,9,548.46,761.75
T16,CD-Arequipa,Tacna,P081,Masajeador eléctrico,Cuidado Personal,32,33.08,7,244.56,339.66
T16,CD-Arequipa,Tacna,P082,Rizadora Conair,Cuidado Personal,48,31.83,6,598.89,831.79
T16,CD-Arequipa,Tacna,P083,Kit de manicura,Cuidado Personal,39,37.33,7,115.68,160.67
T16,CD-Arequipa,Tacna,P084,Balanza digital,Cuidado Personal,19,38.58,8,464.58,645.25
T16,CD-Arequipa,Tacna,P085,Cable HDMI 2m,Accesorios,76,61.92,12,521.11,723.77
T16,CD-Arequipa,Tacna,P086,Cable USB-C,Accesorios,14,32.92,7,361.76,502.44
T16,CD-Arequipa,Tacna,P087,Mouse inalámbrico,Accesorios,56,28.5,6,325.0,451.39
T16,CD-Arequipa,Tacna,P088,Teclado inalámbrico,Accesorios,62,29.83,6,627.49,871.52
T16,CD-Arequipa,Tacna,P089,Audífonos con micrófono,Accesorios,50,32.92,7,628.68,873.16
T16,CD-Arequipa,Tacna,P090,Soporte para TV,Accesorios,63,33.58,7,554.98,770.8
T16,CD-Arequipa,Tacna,P091,Regulador de voltaje,Accesorios,15,44.92,9,340.49,472.9
T16,CD-Arequipa,Tacna,P092,Estabilizador,Accesorios,28,46.58,9,95.56,132.72
T16,CD-Arequipa,Tacna,P093,UPS 1000VA,Accesorios,15,32.08,6,214.92,298.5
T16,CD-Arequipa,Tacna,P094,Hub USB multipuerto,Accesorios,8,23.83,5,351.87,488.71
T16,CD-Arequipa,Tacna,P095,Tarjeta SD 128GB,Accesorios,58,35.92,7,114.67,159.26
T16,CD-Arequipa,Tacna,P096,Memoria USB 64GB,Accesorios,29,46.83,9,498.95,692.99
T17,CD-Arequipa,Puno,P001,Refrigeradora LG 340L,Línea Blanca,15,12.75,3,1932.38,2683.86
T17,CD-Arequipa,Puno,P002,Refrigeradora Samsung 450L,Línea Blanca,0,9.75,2,2799.88,3888.72
T17,CD-Arequipa,Puno,P003,Refrigeradora Bosch 280L,Línea Blanca,23,12.42,2,2491.98,3461.09
T17,CD-Arequipa,Puno,P004,Lavadora LG 15kg,Línea Blanca,14,11.83,2,2478.23,3441.98
T17,CD-Arequipa,Puno,P005,Lavadora Samsung 18kg,Línea Blanca,20,13.42,3,1363.49,1893.74
T17,CD-Arequipa,Puno,P006,Lavadora Whirlpool 14kg,Línea Blanca,13,11.33,2,1461.59,2029.99
T17,CD-Arequipa,Puno,P007,Secadora Electrolux 10kg,Línea Blanca,7,10.75,2,3192.27,4433.71
T17,CD-Arequipa,Puno,P008,Cocina a gas Indurama 4H,Línea Blanca,13,10.67,2,3072.06,4266.75
T17,CD-Arequipa,Puno,P009,Cocina eléctrica Mabe 4H,Línea Blanca,0,11.08,2,2777.0,3856.95
T17,CD-Arequipa,Puno,P010,Campana extractora Bosch,Línea Blanca,4,13.83,3,3239.19,4498.87
T17,CD-Arequipa,Puno,P011,Horno empotrado Electrolux,Línea Blanca,7,14.17,3,2084.28,2894.84
T17,CD-Arequipa,Puno,P012,Lavaplatos Frigidaire,Línea Blanca,30,12.83,3,1045.34,1451.86
T17,CD-Arequipa,Puno,P013,Smart TV LG 55,TV y Audio,7,12.58,3,1672.78,2323.3
T17,CD-Arequipa,Puno,P014,Smart TV Samsung 65,TV y Audio,11,10.33,2,2188.5,3039.59
T17,CD-Arequipa,Puno,P015,Smart TV Sony 75,TV y Audio,32,13.92,3,1558.08,2164.0
T17,CD-Arequipa,Puno,P016,Smart TV TCL 50,TV y Audio,32,16.83,3,1950.9,2709.58
T17,CD-Arequipa,Puno,P017,TV OLED LG 65,TV y Audio,6,6.17,1,2946.51,4092.37
T17,CD-Arequipa,Puno,P018,Soundbar Samsung 5.1,TV y Audio,38,16.5,3,2536.65,3523.12
T17,CD-Arequipa,Puno,P019,Soundbar JBL 2.1,TV y Audio,24,12.0,2,2235.96,3105.5
T17,CD-Arequipa,Puno,P020,Home theater Sony,TV y Audio,14,9.08,2,922.78,1281.64
T17,CD-Arequipa,Puno,P021,Parlante Bluetooth JBL,TV y Audio,16,10.17,2,2553.01,3545.85
T17,CD-Arequipa,Puno,P022,Audífonos Sony WH-1000,TV y Audio,14,16.17,3,1727.78,2399.69
T17,CD-Arequipa,Puno,P023,Barra Bose 900,TV y Audio,11,13.17,3,1867.19,2593.32
T17,CD-Arequipa,Puno,P024,Receptor AV Yamaha,TV y Audio,17,15.17,3,1811.48,2515.95
T17,CD-Arequipa,Puno,P025,Licuadora Oster 700W,Pequeños Electrodomésticos,77,45.33,9,403.41,560.29
T17,CD-Arequipa,Puno,P026,Licuadora Philips 1000W,Pequeños Electrodomésticos,49,31.0,6,351.89,488.73
T17,CD-Arequipa,Puno,P027,Microondas LG 32L,Pequeños Electrodomésticos,32,45.33,9,126.35,175.49
T17,CD-Arequipa,Puno,P028,Microondas Panasonic 25L,Pequeños Electrodomésticos,55,46.17,9,356.55,495.21
T17,CD-Arequipa,Puno,P029,Hervidor eléctrico Bosch,Pequeños Electrodomésticos,54,39.25,8,500.49,695.12
T17,CD-Arequipa,Puno,P030,Cafetera DeLonghi,Pequeños Electrodomésticos,96,43.25,9,411.94,572.14
T17,CD-Arequipa,Puno,P031,Freidora de aire Philips,Pequeños Electrodomésticos,50,43.75,9,347.51,482.65
T17,CD-Arequipa,Puno,P032,Aspiradora Dyson V11,Pequeños Electrodomésticos,47,40.25,8,598.85,831.74
T17,CD-Arequipa,Puno,P033,Plancha a vapor Rowenta,Pequeños Electrodomésticos,44,35.42,7,210.3,292.09
T17,CD-Arequipa,Puno,P034,Batidora KitchenAid,Pequeños Electrodomésticos,42,38.83,8,305.55,424.37
T17,CD-Arequipa,Puno,P035,Tostadora Oster,Pequeños Electrodomésticos,10,41.92,8,604.45,839.51
T17,CD-Arequipa,Puno,P036,Purificador de agua,Pequeños Electrodomésticos,78,39.92,8,340.52,472.94
T17,CD-Arequipa,Puno,P037,Laptop HP 15,Cómputo,12,12.58,3,2094.74,2909.36
T17,CD-Arequipa,Puno,P038,Laptop Lenovo ThinkPad,Cómputo,24,13.33,3,924.29,1283.74
T17,CD-Arequipa,Puno,P039,Laptop Asus VivoBook,Cómputo,12,13.75,3,1397.47,1940.93
T17,CD-Arequipa,Puno,P040,Laptop Dell Inspiron,Cómputo,1,11.42,2,1170.5,1625.7
T17,CD-Arequipa,Puno,P041,Monitor LG 27,Cómputo,2,11.42,2,980.16,1361.33
T17,CD-Arequipa,Puno,P042,Monitor Samsung 24,Cómputo,18,12.75,3,2538.28,3525.39
T17,CD-Arequipa,Puno,P043,Monitor BenQ 32,Cómputo,8,9.92,2,2971.09,4126.52
T17,CD-Arequipa,Puno,P044,Impresora Epson EcoTank,Cómputo,18,9.33,2,1107.72,1538.5
T17,CD-Arequipa,Puno,P045,Impresora HP LaserJet,Cómputo,32,13.33,3,2342.61,3253.62
T17,CD-Arequipa,Puno,P046,All-in-one Dell,Cómputo,10,8.92,2,1980.81,2751.13
T17,CD-Arequipa,Puno,P047,Mini PC Intel NUC,Cómputo,8,12.5,2,2009.5,2790.97
T17,CD-Arequipa,Puno,P048,Teclado mecánico Logitech,Cómputo,32,13.33,3,1407.93,1955.46
T17,CD-Arequipa,Puno,P049,Smartphone iPhone 15,Celulares y Tablets,21,11.42,2,3238.6,4498.05
T17,CD-Arequipa,Puno,P050,Smartphone Samsung S24,Celulares y Tablets,12,9.33,2,2417.29,3357.35
T17,CD-Arequipa,Puno,P051,Smartphone Xiaomi Redmi,Celulares y Tablets,20,9.42,2,1879.13,2609.9
T17,CD-Arequipa,Puno,P052,Tablet iPad 10,Celulares y Tablets,21,9.33,2,1919.08,2665.39
T17,CD-Arequipa,Puno,P053,Tablet Samsung Galaxy Tab,Celulares y Tablets,1,13.83,3,3376.54,4689.64
T17,CD-Arequipa,Puno,P054,Smartwatch Apple Watch,Celulares y Tablets,2,9.75,2,3559.53,4943.79
T17,CD-Arequipa,Puno,P055,Smartwatch Samsung Galaxy,Celulares y Tablets,18,13.67,3,2160.56,3000.78
T17,CD-Arequipa,Puno,P056,Auriculares AirPods,Celulares y Tablets,26,12.08,2,2205.43,3063.1
T17,CD-Arequipa,Puno,P057,Cargador inalámbrico,Celulares y Tablets,15,16.0,3,2553.78,3546.92
T17,CD-Arequipa,Puno,P058,Funda protectora,Celulares y Tablets,1,11.58,2,1406.56,1953.56
T17,CD-Arequipa,Puno,P059,Power bank Anker,Celulares y Tablets,8,12.92,3,2965.77,4119.13
T17,CD-Arequipa,Puno,P060,Smartphone Motorola G84,Celulares y Tablets,10,9.58,2,2022.02,2808.36
T17,CD-Arequipa,Puno,P061,Aire acondicionado LG 12000BTU,Climatización,45,18.42,4,852.36,1183.84
T17,CD-Arequipa,Puno,P062,AC Samsung Inverter,Climatización,10,16.58,3,1421.77,1974.68
T17,CD-Arequipa,Puno,P063,AC Midea 9000BTU,Climatización,33,16.33,3,788.03,1094.48
T17,CD-Arequipa,Puno,P064,Ventilador de pie,Climatización,47,21.5,4,593.3,824.03
T17,CD-Arequipa,Puno,P065,Ventilador de techo,Climatización,28,21.67,4,557.73,774.62
T17,CD-Arequipa,Puno,P066,Calefactor eléctrico,Climatización,16,12.92,3,226.48,314.56
T17,CD-Arequipa,Puno,P067,Humidificador,Climatización,16,13.67,3,1100.52,1528.5
T17,CD-Arequipa,Puno,P068,Deshumidificador,Climatización,47,19.92,4,1018.57,1414.68
T17,CD-Arequipa,Puno,P069,Purificador de aire Xiaomi,Climatización,33,27.67,6,823.35,1143.54
T17,CD-Arequipa,Puno,P070,Climatizador evaporativo,Climatización,49,20.92,4,914.13,1269.63
T17,CD-Arequipa,Puno,P071,Calefón a gas,Climatización,44,20.67,4,867.28,1204.56
T17,CD-Arequipa,Puno,P072,Terma eléctrica,Climatización,12,19.33,4,1473.8,2046.94
T17,CD-Arequipa,Puno,P073,Secadora de cabello Gama,Cuidado Personal,57,30.33,6,211.17,293.29
T17,CD-Arequipa,Puno,P074,Plancha de cabello Babyliss,Cuidado Personal,67,35.5,7,344.28,478.17
T17,CD-Arequipa,Puno,P075,Afeitadora Philips,Cuidado Personal,36,35.0,7,359.45,499.24
T17,CD-Arequipa,Puno,P076,Cortadora de cabello Wahl,Cuidado Personal,27,39.08,8,545.37,757.46
T17,CD-Arequipa,Puno,P077,Cepillo dental eléctrico,Cuidado Personal,23,46.33,9,534.62,742.53
T17,CD-Arequipa,Puno,P078,Depiladora Braun,Cuidado Personal,38,32.92,7,386.95,537.43
T17,CD-Arequipa,Puno,P079,Afeitadora Braun,Cuidado Personal,26,40.25,8,593.25,823.96
T17,CD-Arequipa,Puno,P080,Espejo con luz LED,Cuidado Personal,19,36.58,7,548.46,761.75
T17,CD-Arequipa,Puno,P081,Masajeador eléctrico,Cuidado Personal,98,43.17,9,244.56,339.66
T17,CD-Arequipa,Puno,P082,Rizadora Conair,Cuidado Personal,27,40.33,8,598.89,831.79
T17,CD-Arequipa,Puno,P083,Kit de manicura,Cuidado Personal,28,34.92,7,115.68,160.67
T17,CD-Arequipa,Puno,P084,Balanza digital,Cuidado Personal,32,37.5,8,464.58,645.25
T17,CD-Arequipa,Puno,P085,Cable HDMI 2m,Accesorios,57,25.92,5,521.11,723.77
T17,CD-Arequipa,Puno,P086,Cable USB-C,Accesorios,20,42.92,9,361.76,502.44
T17,CD-Arequipa,Puno,P087,Mouse inalámbrico,Accesorios,60,30.58,6,325.0,451.39
T17,CD-Arequipa,Puno,P088,Teclado inalámbrico,Accesorios,78,35.08,7,627.49,871.52
T17,CD-Arequipa,Puno,P089,Audífonos con micrófono,Accesorios,59,30.83,6,628.68,873.16
T17,CD-Arequipa,Puno,P090,Soporte para TV,Accesorios,20,33.67,7,554.98,770.8
T17,CD-Arequipa,Puno,P091,Regulador de voltaje,Accesorios,65,27.5,6,340.49,472.9
T17,CD-Arequipa,Puno,P092,Estabilizador,Accesorios,44,50.25,10,95.56,132.72
T17,CD-Arequipa,Puno,P093,UPS 1000VA,Accesorios,73,51.67,10,214.92,298.5
T17,CD-Arequipa,Puno,P094,Hub USB multipuerto,Accesorios,16,42.83,9,351.87,488.71
T17,CD-Arequipa,Puno,P095,Tarjeta SD 128GB,Accesorios,80,41.0,8,114.67,159.26
T17,CD-Arequipa,Puno,P096,Memoria USB 64GB,Accesorios,120,48.58,10,498.95,692.99
T18,CD-Arequipa,Moquegua,P001,Refrigeradora LG 340L,Línea Blanca,15,13.75,3,1932.38,2683.86
T18,CD-Arequipa,Moquegua,P002,Refrigeradora Samsung 450L,Línea Blanca,17,10.75,2,2799.88,3888.72
T18,CD-Arequipa,Moquegua,P003,Refrigeradora Bosch 280L,Línea Blanca,18,15.25,3,2491.98,3461.09
T18,CD-Arequipa,Moquegua,P004,Lavadora LG 15kg,Línea Blanca,15,14.42,3,2478.23,3441.98
T18,CD-Arequipa,Moquegua,P005,Lavadora Samsung 18kg,Línea Blanca,27,10.83,2,1363.49,1893.74
T18,CD-Arequipa,Moquegua,P006,Lavadora Whirlpool 14kg,Línea Blanca,23,12.75,3,1461.59,2029.99
T18,CD-Arequipa,Moquegua,P007,Secadora Electrolux 10kg,Línea Blanca,16,8.25,2,3192.27,4433.71
T18,CD-Arequipa,Moquegua,P008,Cocina a gas Indurama 4H,Línea Blanca,7,12.83,3,3072.06,4266.75
T18,CD-Arequipa,Moquegua,P009,Cocina eléctrica Mabe 4H,Línea Blanca,23,11.42,2,2777.0,3856.95
T18,CD-Arequipa,Moquegua,P010,Campana extractora Bosch,Línea Blanca,24,13.42,3,3239.19,4498.87
T18,CD-Arequipa,Moquegua,P011,Horno empotrado Electrolux,Línea Blanca,14,9.58,2,2084.28,2894.84
T18,CD-Arequipa,Moquegua,P012,Lavaplatos Frigidaire,Línea Blanca,23,11.5,2,1045.34,1451.86
T18,CD-Arequipa,Moquegua,P013,Smart TV LG 55,TV y Audio,15,12.08,2,1672.78,2323.3
T18,CD-Arequipa,Moquegua,P014,Smart TV Samsung 65,TV y Audio,32,13.08,3,2188.5,3039.59
T18,CD-Arequipa,Moquegua,P015,Smart TV Sony 75,TV y Audio,14,11.33,2,1558.08,2164.0
T18,CD-Arequipa,Moquegua,P016,Smart TV TCL 50,TV y Audio,12,11.17,2,1950.9,2709.58
T18,CD-Arequipa,Moquegua,P017,TV OLED LG 65,TV y Audio,22,10.5,2,2946.51,4092.37
T18,CD-Arequipa,Moquegua,P018,Soundbar Samsung 5.1,TV y Audio,4,7.42,1,2536.65,3523.12
T18,CD-Arequipa,Moquegua,P019,Soundbar JBL 2.1,TV y Audio,15,11.08,2,2235.96,3105.5
T18,CD-Arequipa,Moquegua,P020,Home theater Sony,TV y Audio,31,13.58,3,922.78,1281.64
T18,CD-Arequipa,Moquegua,P021,Parlante Bluetooth JBL,TV y Audio,21,13.92,3,2553.01,3545.85
T18,CD-Arequipa,Moquegua,P022,Audífonos Sony WH-1000,TV y Audio,17,16.33,3,1727.78,2399.69
T18,CD-Arequipa,Moquegua,P023,Barra Bose 900,TV y Audio,7,10.5,2,1867.19,2593.32
T18,CD-Arequipa,Moquegua,P024,Receptor AV Yamaha,TV y Audio,12,7.83,2,1811.48,2515.95
T18,CD-Arequipa,Moquegua,P025,Licuadora Oster 700W,Pequeños Electrodomésticos,10,26.42,5,403.41,560.29
T18,CD-Arequipa,Moquegua,P026,Licuadora Philips 1000W,Pequeños Electrodomésticos,72,33.42,7,351.89,488.73
T18,CD-Arequipa,Moquegua,P027,Microondas LG 32L,Pequeños Electrodomésticos,84,38.83,8,126.35,175.49
T18,CD-Arequipa,Moquegua,P028,Microondas Panasonic 25L,Pequeños Electrodomésticos,63,39.92,8,356.55,495.21
T18,CD-Arequipa,Moquegua,P029,Hervidor eléctrico Bosch,Pequeños Electrodomésticos,15,29.75,6,500.49,695.12
T18,CD-Arequipa,Moquegua,P030,Cafetera DeLonghi,Pequeños Electrodomésticos,37,34.42,7,411.94,572.14
T18,CD-Arequipa,Moquegua,P031,Freidora de aire Philips,Pequeños Electrodomésticos,39,44.33,9,347.51,482.65
T18,CD-Arequipa,Moquegua,P032,Aspiradora Dyson V11,Pequeños Electrodomésticos,74,43.17,9,598.85,831.74
T18,CD-Arequipa,Moquegua,P033,Plancha a vapor Rowenta,Pequeños Electrodomésticos,71,37.58,8,210.3,292.09
T18,CD-Arequipa,Moquegua,P034,Batidora KitchenAid,Pequeños Electrodomésticos,101,48.33,10,305.55,424.37
T18,CD-Arequipa,Moquegua,P035,Tostadora Oster,Pequeños Electrodomésticos,29,36.0,7,604.45,839.51
T18,CD-Arequipa,Moquegua,P036,Purificador de agua,Pequeños Electrodomésticos,78,37.08,7,340.52,472.94
T18,CD-Arequipa,Moquegua,P037,Laptop HP 15,Cómputo,4,11.67,2,2094.74,2909.36
T18,CD-Arequipa,Moquegua,P038,Laptop Lenovo ThinkPad,Cómputo,4,11.33,2,924.29,1283.74
T18,CD-Arequipa,Moquegua,P039,Laptop Asus VivoBook,Cómputo,2,9.0,2,1397.47,1940.93
T18,CD-Arequipa,Moquegua,P040,Laptop Dell Inspiron,Cómputo,17,15.75,3,1170.5,1625.7
T18,CD-Arequipa,Moquegua,P041,Monitor LG 27,Cómputo,30,12.58,3,980.16,1361.33
T18,CD-Arequipa,Moquegua,P042,Monitor Samsung 24,Cómputo,19,10.75,2,2538.28,3525.39
T18,CD-Arequipa,Moquegua,P043,Monitor BenQ 32,Cómputo,7,13.0,3,2971.09,4126.52
T18,CD-Arequipa,Moquegua,P044,Impresora Epson EcoTank,Cómputo,25,12.08,2,1107.72,1538.5
T18,CD-Arequipa,Moquegua,P045,Impresora HP LaserJet,Cómputo,3,13.83,3,2342.61,3253.62
T18,CD-Arequipa,Moquegua,P046,All-in-one Dell,Cómputo,19,12.17,2,1980.81,2751.13
T18,CD-Arequipa,Moquegua,P047,Mini PC Intel NUC,Cómputo,13,8.83,2,2009.5,2790.97
T18,CD-Arequipa,Moquegua,P048,Teclado mecánico Logitech,Cómputo,5,9.58,2,1407.93,1955.46
T18,CD-Arequipa,Moquegua,P049,Smartphone iPhone 15,Celulares y Tablets,26,12.83,3,3238.6,4498.05
T18,CD-Arequipa,Moquegua,P050,Smartphone Samsung S24,Celulares y Tablets,10,11.67,2,2417.29,3357.35
T18,CD-Arequipa,Moquegua,P051,Smartphone Xiaomi Redmi,Celulares y Tablets,27,11.5,2,1879.13,2609.9
T18,CD-Arequipa,Moquegua,P052,Tablet iPad 10,Celulares y Tablets,36,18.08,4,1919.08,2665.39
T18,CD-Arequipa,Moquegua,P053,Tablet Samsung Galaxy Tab,Celulares y Tablets,14,13.67,3,3376.54,4689.64
T18,CD-Arequipa,Moquegua,P054,Smartwatch Apple Watch,Celulares y Tablets,23,13.75,3,3559.53,4943.79
T18,CD-Arequipa,Moquegua,P055,Smartwatch Samsung Galaxy,Celulares y Tablets,11,10.92,2,2160.56,3000.78
T18,CD-Arequipa,Moquegua,P056,Auriculares AirPods,Celulares y Tablets,23,10.08,2,2205.43,3063.1
T18,CD-Arequipa,Moquegua,P057,Cargador inalámbrico,Celulares y Tablets,23,15.08,3,2553.78,3546.92
T18,CD-Arequipa,Moquegua,P058,Funda protectora,Celulares y Tablets,16,12.25,2,1406.56,1953.56
T18,CD-Arequipa,Moquegua,P059,Power bank Anker,Celulares y Tablets,10,8.58,2,2965.77,4119.13
T18,CD-Arequipa,Moquegua,P060,Smartphone Motorola G84,Celulares y Tablets,6,11.17,2,2022.02,2808.36
T18,CD-Arequipa,Moquegua,P061,Aire acondicionado LG 12000BTU,Climatización,19,21.25,4,852.36,1183.84
T18,CD-Arequipa,Moquegua,P062,AC Samsung Inverter,Climatización,28,19.25,4,1421.77,1974.68
T18,CD-Arequipa,Moquegua,P063,AC Midea 9000BTU,Climatización,46,21.17,4,788.03,1094.48
T18,CD-Arequipa,Moquegua,P064,Ventilador de pie,Climatización,12,19.58,4,593.3,824.03
T18,CD-Arequipa,Moquegua,P065,Ventilador de techo,Climatización,58,27.33,5,557.73,774.62
T18,CD-Arequipa,Moquegua,P066,Calefactor eléctrico,Climatización,48,19.83,4,226.48,314.56
T18,CD-Arequipa,Moquegua,P067,Humidificador,Climatización,12,18.33,4,1100.52,1528.5
T18,CD-Arequipa,Moquegua,P068,Deshumidificador,Climatización,4,22.08,4,1018.57,1414.68
T18,CD-Arequipa,Moquegua,P069,Purificador de aire Xiaomi,Climatización,37,17.75,4,823.35,1143.54
T18,CD-Arequipa,Moquegua,P070,Climatizador evaporativo,Climatización,26,19.83,4,914.13,1269.63
T18,CD-Arequipa,Moquegua,P071,Calefón a gas,Climatización,21,23.33,5,867.28,1204.56
T18,CD-Arequipa,Moquegua,P072,Terma eléctrica,Climatización,22,23.42,5,1473.8,2046.94
T18,CD-Arequipa,Moquegua,P073,Secadora de cabello Gama,Cuidado Personal,55,36.0,7,211.17,293.29
T18,CD-Arequipa,Moquegua,P074,Plancha de cabello Babyliss,Cuidado Personal,63,47.17,9,344.28,478.17
T18,CD-Arequipa,Moquegua,P075,Afeitadora Philips,Cuidado Personal,68,33.58,7,359.45,499.24
T18,CD-Arequipa,Moquegua,P076,Cortadora de cabello Wahl,Cuidado Personal,87,45.17,9,545.37,757.46
T18,CD-Arequipa,Moquegua,P077,Cepillo dental eléctrico,Cuidado Personal,45,41.42,8,534.62,742.53
T18,CD-Arequipa,Moquegua,P078,Depiladora Braun,Cuidado Personal,8,30.75,6,386.95,537.43
T18,CD-Arequipa,Moquegua,P079,Afeitadora Braun,Cuidado Personal,83,40.58,8,593.25,823.96
T18,CD-Arequipa,Moquegua,P080,Espejo con luz LED,Cuidado Personal,61,38.58,8,548.46,761.75
T18,CD-Arequipa,Moquegua,P081,Masajeador eléctrico,Cuidado Personal,88,48.25,10,244.56,339.66
T18,CD-Arequipa,Moquegua,P082,Rizadora Conair,Cuidado Personal,113,45.33,9,598.89,831.79
T18,CD-Arequipa,Moquegua,P083,Kit de manicura,Cuidado Personal,36,40.75,8,115.68,160.67
T18,CD-Arequipa,Moquegua,P084,Balanza digital,Cuidado Personal,98,39.75,8,464.58,645.25
T18,CD-Arequipa,Moquegua,P085,Cable HDMI 2m,Accesorios,93,47.58,10,521.11,723.77
T18,CD-Arequipa,Moquegua,P086,Cable USB-C,Accesorios,99,41.25,8,361.76,502.44
T18,CD-Arequipa,Moquegua,P087,Mouse inalámbrico,Accesorios,91,47.42,9,325.0,451.39
T18,CD-Arequipa,Moquegua,P088,Teclado inalámbrico,Accesorios,19,39.92,8,627.49,871.52
T18,CD-Arequipa,Moquegua,P089,Audífonos con micrófono,Accesorios,60,32.92,7,628.68,873.16
T18,CD-Arequipa,Moquegua,P090,Soporte para TV,Accesorios,74,47.08,9,554.98,770.8
T18,CD-Arequipa,Moquegua,P091,Regulador de voltaje,Accesorios,21,34.42,7,340.49,472.9
T18,CD-Arequipa,Moquegua,P092,Estabilizador,Accesorios,58,30.33,6,95.56,132.72
T18,CD-Arequipa,Moquegua,P093,UPS 1000VA,Accesorios,73,41.0,8,214.92,298.5
T18,CD-Arequipa,Moquegua,P094,Hub USB multipuerto,Accesorios,72,32.83,7,351.87,488.71
T18,CD-Arequipa,Moquegua,P095,Tarjeta SD 128GB,Accesorios,26,40.92,8,114.67,159.26
T18,CD-Arequipa,Moquegua,P096,Memoria USB 64GB,Accesorios,48,42.67,9,498.95,692.99
T19,CD-Trujillo,Trujillo,P001,Refrigeradora LG 340L,Línea Blanca,7,11.42,2,1932.38,2683.86
T19,CD-Trujillo,Trujillo,P002,Refrigeradora Samsung 450L,Línea Blanca,22,12.25,2,2799.88,3888.72
T19,CD-Trujillo,Trujillo,P003,Refrigeradora Bosch 280L,Línea Blanca,35,17.0,3,2491.98,3461.09
T19,CD-Trujillo,Trujillo,P004,Lavadora LG 15kg,Línea Blanca,22,14.67,3,2478.23,3441.98
T19,CD-Trujillo,Trujillo,P005,Lavadora Samsung 18kg,Línea Blanca,14,15.42,3,1363.49,1893.74
T19,CD-Trujillo,Trujillo,P006,Lavadora Whirlpool 14kg,Línea Blanca,10,12.67,3,1461.59,2029.99
T19,CD-Trujillo,Trujillo,P007,Secadora Electrolux 10kg,Línea Blanca,17,15.0,3,3192.27,4433.71
T19,CD-Trujillo,Trujillo,P008,Cocina a gas Indurama 4H,Línea Blanca,17,14.75,3,3072.06,4266.75
T19,CD-Trujillo,Trujillo,P009,Cocina eléctrica Mabe 4H,Línea Blanca,19,16.17,3,2777.0,3856.95
T19,CD-Trujillo,Trujillo,P010,Campana extractora Bosch,Línea Blanca,8,15.25,3,3239.19,4498.87
T19,CD-Trujillo,Trujillo,P011,Horno empotrado Electrolux,Línea Blanca,22,9.75,2,2084.28,2894.84
T19,CD-Trujillo,Trujillo,P012,Lavaplatos Frigidaire,Línea Blanca,19,13.42,3,1045.34,1451.86
T19,CD-Trujillo,Trujillo,P013,Smart TV LG 55,TV y Audio,17,13.67,3,1672.78,2323.3
T19,CD-Trujillo,Trujillo,P014,Smart TV Samsung 65,TV y Audio,26,11.42,2,2188.5,3039.59
T19,CD-Trujillo,Trujillo,P015,Smart TV Sony 75,TV y Audio,20,13.17,3,1558.08,2164.0
T19,CD-Trujillo,Trujillo,P016,Smart TV TCL 50,TV y Audio,33,14.17,3,1950.9,2709.58
T19,CD-Trujillo,Trujillo,P017,TV OLED LG 65,TV y Audio,15,10.58,2,2946.51,4092.37
T19,CD-Trujillo,Trujillo,P018,Soundbar Samsung 5.1,TV y Audio,15,11.75,2,2536.65,3523.12
T19,CD-Trujillo,Trujillo,P019,Soundbar JBL 2.1,TV y Audio,12,11.92,2,2235.96,3105.5
T19,CD-Trujillo,Trujillo,P020,Home theater Sony,TV y Audio,16,11.42,2,922.78,1281.64
T19,CD-Trujillo,Trujillo,P021,Parlante Bluetooth JBL,TV y Audio,34,18.33,4,2553.01,3545.85
T19,CD-Trujillo,Trujillo,P022,Audífonos Sony WH-1000,TV y Audio,10,10.42,2,1727.78,2399.69
T19,CD-Trujillo,Trujillo,P023,Barra Bose 900,TV y Audio,11,13.0,3,1867.19,2593.32
T19,CD-Trujillo,Trujillo,P024,Receptor AV Yamaha,TV y Audio,8,12.75,3,1811.48,2515.95
T19,CD-Trujillo,Trujillo,P025,Licuadora Oster 700W,Pequeños Electrodomésticos,63,35.83,7,403.41,560.29
T19,CD-Trujillo,Trujillo,P026,Licuadora Philips 1000W,Pequeños Electrodomésticos,41,25.5,5,351.89,488.73
T19,CD-Trujillo,Trujillo,P027,Microondas LG 32L,Pequeños Electrodomésticos,77,32.83,7,126.35,175.49
T19,CD-Trujillo,Trujillo,P028,Microondas Panasonic 25L,Pequeños Electrodomésticos,75,42.08,8,356.55,495.21
T19,CD-Trujillo,Trujillo,P029,Hervidor eléctrico Bosch,Pequeños Electrodomésticos,72,34.25,7,500.49,695.12
T19,CD-Trujillo,Trujillo,P030,Cafetera DeLonghi,Pequeños Electrodomésticos,0,30.0,6,411.94,572.14
T19,CD-Trujillo,Trujillo,P031,Freidora de aire Philips,Pequeños Electrodomésticos,72,37.92,8,347.51,482.65
T19,CD-Trujillo,Trujillo,P032,Aspiradora Dyson V11,Pequeños Electrodomésticos,80,32.42,6,598.85,831.74
T19,CD-Trujillo,Trujillo,P033,Plancha a vapor Rowenta,Pequeños Electrodomésticos,85,41.67,8,210.3,292.09
T19,CD-Trujillo,Trujillo,P034,Batidora KitchenAid,Pequeños Electrodomésticos,51,40.42,8,305.55,424.37
T19,CD-Trujillo,Trujillo,P035,Tostadora Oster,Pequeños Electrodomésticos,14,30.17,6,604.45,839.51
T19,CD-Trujillo,Trujillo,P036,Purificador de agua,Pequeños Electrodomésticos,43,37.33,7,340.52,472.94
T19,CD-Trujillo,Trujillo,P037,Laptop HP 15,Cómputo,6,12.0,2,2094.74,2909.36
T19,CD-Trujillo,Trujillo,P038,Laptop Lenovo ThinkPad,Cómputo,0,16.17,3,924.29,1283.74
T19,CD-Trujillo,Trujillo,P039,Laptop Asus VivoBook,Cómputo,33,15.17,3,1397.47,1940.93
T19,CD-Trujillo,Trujillo,P040,Laptop Dell Inspiron,Cómputo,9,14.58,3,1170.5,1625.7
T19,CD-Trujillo,Trujillo,P041,Monitor LG 27,Cómputo,29,12.17,2,980.16,1361.33
T19,CD-Trujillo,Trujillo,P042,Monitor Samsung 24,Cómputo,9,12.83,3,2538.28,3525.39
T19,CD-Trujillo,Trujillo,P043,Monitor BenQ 32,Cómputo,7,9.17,2,2971.09,4126.52
T19,CD-Trujillo,Trujillo,P044,Impresora Epson EcoTank,Cómputo,21,14.25,3,1107.72,1538.5
T19,CD-Trujillo,Trujillo,P045,Impresora HP LaserJet,Cómputo,3,12.0,2,2342.61,3253.62
T19,CD-Trujillo,Trujillo,P046,All-in-one Dell,Cómputo,1,12.25,2,1980.81,2751.13
T19,CD-Trujillo,Trujillo,P047,Mini PC Intel NUC,Cómputo,4,15.92,3,2009.5,2790.97
T19,CD-Trujillo,Trujillo,P048,Teclado mecánico Logitech,Cómputo,12,11.67,2,1407.93,1955.46
T19,CD-Trujillo,Trujillo,P049,Smartphone iPhone 15,Celulares y Tablets,14,12.17,2,3238.6,4498.05
T19,CD-Trujillo,Trujillo,P050,Smartphone Samsung S24,Celulares y Tablets,29,17.08,3,2417.29,3357.35
T19,CD-Trujillo,Trujillo,P051,Smartphone Xiaomi Redmi,Celulares y Tablets,14,13.0,3,1879.13,2609.9
T19,CD-Trujillo,Trujillo,P052,Tablet iPad 10,Celulares y Tablets,27,12.83,3,1919.08,2665.39
T19,CD-Trujillo,Trujillo,P053,Tablet Samsung Galaxy Tab,Celulares y Tablets,15,12.92,3,3376.54,4689.64
T19,CD-Trujillo,Trujillo,P054,Smartwatch Apple Watch,Celulares y Tablets,14,8.67,2,3559.53,4943.79
T19,CD-Trujillo,Trujillo,P055,Smartwatch Samsung Galaxy,Celulares y Tablets,11,15.17,3,2160.56,3000.78
T19,CD-Trujillo,Trujillo,P056,Auriculares AirPods,Celulares y Tablets,8,13.67,3,2205.43,3063.1
T19,CD-Trujillo,Trujillo,P057,Cargador inalámbrico,Celulares y Tablets,0,8.42,2,2553.78,3546.92
T19,CD-Trujillo,Trujillo,P058,Funda protectora,Celulares y Tablets,21,14.58,3,1406.56,1953.56
T19,CD-Trujillo,Trujillo,P059,Power bank Anker,Celulares y Tablets,25,12.67,3,2965.77,4119.13
T19,CD-Trujillo,Trujillo,P060,Smartphone Motorola G84,Celulares y Tablets,18,15.92,3,2022.02,2808.36
T19,CD-Trujillo,Trujillo,P061,Aire acondicionado LG 12000BTU,Climatización,32,15.17,3,852.36,1183.84
T19,CD-Trujillo,Trujillo,P062,AC Samsung Inverter,Climatización,0,13.75,3,1421.77,1974.68
T19,CD-Trujillo,Trujillo,P063,AC Midea 9000BTU,Climatización,20,14.0,3,788.03,1094.48
T19,CD-Trujillo,Trujillo,P064,Ventilador de pie,Climatización,39,16.67,3,593.3,824.03
T19,CD-Trujillo,Trujillo,P065,Ventilador de techo,Climatización,16,17.67,4,557.73,774.62
T19,CD-Trujillo,Trujillo,P066,Calefactor eléctrico,Climatización,26,20.0,4,226.48,314.56
T19,CD-Trujillo,Trujillo,P067,Humidificador,Climatización,9,11.58,2,1100.52,1528.5
T19,CD-Trujillo,Trujillo,P068,Deshumidificador,Climatización,35,23.08,5,1018.57,1414.68
T19,CD-Trujillo,Trujillo,P069,Purificador de aire Xiaomi,Climatización,27,22.92,5,823.35,1143.54
T19,CD-Trujillo,Trujillo,P070,Climatizador evaporativo,Climatización,13,24.75,5,914.13,1269.63
T19,CD-Trujillo,Trujillo,P071,Calefón a gas,Climatización,23,15.92,3,867.28,1204.56
T19,CD-Trujillo,Trujillo,P072,Terma eléctrica,Climatización,15,20.0,4,1473.8,2046.94
T19,CD-Trujillo,Trujillo,P073,Secadora de cabello Gama,Cuidado Personal,5,33.83,7,211.17,293.29
T19,CD-Trujillo,Trujillo,P074,Plancha de cabello Babyliss,Cuidado Personal,62,36.5,7,344.28,478.17
T19,CD-Trujillo,Trujillo,P075,Afeitadora Philips,Cuidado Personal,39,34.17,7,359.45,499.24
T19,CD-Trujillo,Trujillo,P076,Cortadora de cabello Wahl,Cuidado Personal,58,28.83,6,545.37,757.46
T19,CD-Trujillo,Trujillo,P077,Cepillo dental eléctrico,Cuidado Personal,43,33.25,7,534.62,742.53
T19,CD-Trujillo,Trujillo,P078,Depiladora Braun,Cuidado Personal,56,46.5,9,386.95,537.43
T19,CD-Trujillo,Trujillo,P079,Afeitadora Braun,Cuidado Personal,38,27.33,5,593.25,823.96
T19,CD-Trujillo,Trujillo,P080,Espejo con luz LED,Cuidado Personal,0,27.08,5,548.46,761.75
T19,CD-Trujillo,Trujillo,P081,Masajeador eléctrico,Cuidado Personal,35,37.5,8,244.56,339.66
T19,CD-Trujillo,Trujillo,P082,Rizadora Conair,Cuidado Personal,48,49.5,10,598.89,831.79
T19,CD-Trujillo,Trujillo,P083,Kit de manicura,Cuidado Personal,86,39.25,8,115.68,160.67
T19,CD-Trujillo,Trujillo,P084,Balanza digital,Cuidado Personal,83,53.17,11,464.58,645.25
T19,CD-Trujillo,Trujillo,P085,Cable HDMI 2m,Accesorios,63,32.58,7,521.11,723.77
T19,CD-Trujillo,Trujillo,P086,Cable USB-C,Accesorios,66,37.42,7,361.76,502.44
T19,CD-Trujillo,Trujillo,P087,Mouse inalámbrico,Accesorios,52,36.17,7,325.0,451.39
T19,CD-Trujillo,Trujillo,P088,Teclado inalámbrico,Accesorios,91,57.75,12,627.49,871.52
T19,CD-Trujillo,Trujillo,P089,Audífonos con micrófono,Accesorios,100,46.75,9,628.68,873.16
T19,CD-Trujillo,Trujillo,P090,Soporte para TV,Accesorios,55,33.5,7,554.98,770.8
T19,CD-Trujillo,Trujillo,P091,Regulador de voltaje,Accesorios,91,41.58,8,340.49,472.9
T19,CD-Trujillo,Trujillo,P092,Estabilizador,Accesorios,91,45.67,9,95.56,132.72
T19,CD-Trujillo,Trujillo,P093,UPS 1000VA,Accesorios,59,38.58,8,214.92,298.5
T19,CD-Trujillo,Trujillo,P094,Hub USB multipuerto,Accesorios,64,43.33,9,351.87,488.71
T19,CD-Trujillo,Trujillo,P095,Tarjeta SD 128GB,Accesorios,26,49.5,10,114.67,159.26
T19,CD-Trujillo,Trujillo,P096,Memoria USB 64GB,Accesorios,53,47.0,9,498.95,692.99
T20,CD-Trujillo,Chiclayo,P001,Refrigeradora LG 340L,Línea Blanca,21,10.25,2,1932.38,2683.86
T20,CD-Trujillo,Chiclayo,P002,Refrigeradora Samsung 450L,Línea Blanca,29,12.58,3,2799.88,3888.72
T20,CD-Trujillo,Chiclayo,P003,Refrigeradora Bosch 280L,Línea Blanca,8,12.42,2,2491.98,3461.09
T20,CD-Trujillo,Chiclayo,P004,Lavadora LG 15kg,Línea Blanca,20,16.17,3,2478.23,3441.98
T20,CD-Trujillo,Chiclayo,P005,Lavadora Samsung 18kg,Línea Blanca,1,16.42,3,1363.49,1893.74
T20,CD-Trujillo,Chiclayo,P006,Lavadora Whirlpool 14kg,Línea Blanca,20,12.08,2,1461.59,2029.99
T20,CD-Trujillo,Chiclayo,P007,Secadora Electrolux 10kg,Línea Blanca,9,9.25,2,3192.27,4433.71
T20,CD-Trujillo,Chiclayo,P008,Cocina a gas Indurama 4H,Línea Blanca,12,13.0,3,3072.06,4266.75
T20,CD-Trujillo,Chiclayo,P009,Cocina eléctrica Mabe 4H,Línea Blanca,2,11.08,2,2777.0,3856.95
T20,CD-Trujillo,Chiclayo,P010,Campana extractora Bosch,Línea Blanca,14,13.0,3,3239.19,4498.87
T20,CD-Trujillo,Chiclayo,P011,Horno empotrado Electrolux,Línea Blanca,6,11.83,2,2084.28,2894.84
T20,CD-Trujillo,Chiclayo,P012,Lavaplatos Frigidaire,Línea Blanca,4,11.5,2,1045.34,1451.86
T20,CD-Trujillo,Chiclayo,P013,Smart TV LG 55,TV y Audio,22,16.83,3,1672.78,2323.3
T20,CD-Trujillo,Chiclayo,P014,Smart TV Samsung 65,TV y Audio,25,12.75,3,2188.5,3039.59
T20,CD-Trujillo,Chiclayo,P015,Smart TV Sony 75,TV y Audio,2,10.33,2,1558.08,2164.0
T20,CD-Trujillo,Chiclayo,P016,Smart TV TCL 50,TV y Audio,18,9.92,2,1950.9,2709.58
T20,CD-Trujillo,Chiclayo,P017,TV OLED LG 65,TV y Audio,1,6.08,1,2946.51,4092.37
T20,CD-Trujillo,Chiclayo,P018,Soundbar Samsung 5.1,TV y Audio,18,10.5,2,2536.65,3523.12
T20,CD-Trujillo,Chiclayo,P019,Soundbar JBL 2.1,TV y Audio,5,11.5,2,2235.96,3105.5
T20,CD-Trujillo,Chiclayo,P020,Home theater Sony,TV y Audio,14,10.58,2,922.78,1281.64
T20,CD-Trujillo,Chiclayo,P021,Parlante Bluetooth JBL,TV y Audio,2,9.92,2,2553.01,3545.85
T20,CD-Trujillo,Chiclayo,P022,Audífonos Sony WH-1000,TV y Audio,12,9.92,2,1727.78,2399.69
T20,CD-Trujillo,Chiclayo,P023,Barra Bose 900,TV y Audio,4,12.17,2,1867.19,2593.32
T20,CD-Trujillo,Chiclayo,P024,Receptor AV Yamaha,TV y Audio,24,12.33,2,1811.48,2515.95
T20,CD-Trujillo,Chiclayo,P025,Licuadora Oster 700W,Pequeños Electrodomésticos,23,27.42,5,403.41,560.29
T20,CD-Trujillo,Chiclayo,P026,Licuadora Philips 1000W,Pequeños Electrodomésticos,10,39.67,8,351.89,488.73
T20,CD-Trujillo,Chiclayo,P027,Microondas LG 32L,Pequeños Electrodomésticos,10,32.08,6,126.35,175.49
T20,CD-Trujillo,Chiclayo,P028,Microondas Panasonic 25L,Pequeños Electrodomésticos,20,32.5,6,356.55,495.21
T20,CD-Trujillo,Chiclayo,P029,Hervidor eléctrico Bosch,Pequeños Electrodomésticos,85,42.0,8,500.49,695.12
T20,CD-Trujillo,Chiclayo,P030,Cafetera DeLonghi,Pequeños Electrodomésticos,54,29.0,6,411.94,572.14
T20,CD-Trujillo,Chiclayo,P031,Freidora de aire Philips,Pequeños Electrodomésticos,75,31.17,6,347.51,482.65
T20,CD-Trujillo,Chiclayo,P032,Aspiradora Dyson V11,Pequeños Electrodomésticos,73,45.67,9,598.85,831.74
T20,CD-Trujillo,Chiclayo,P033,Plancha a vapor Rowenta,Pequeños Electrodomésticos,105,42.42,8,210.3,292.09
T20,CD-Trujillo,Chiclayo,P034,Batidora KitchenAid,Pequeños Electrodomésticos,14,52.58,11,305.55,424.37
T20,CD-Trujillo,Chiclayo,P035,Tostadora Oster,Pequeños Electrodomésticos,17,36.42,7,604.45,839.51
T20,CD-Trujillo,Chiclayo,P036,Purificador de agua,Pequeños Electrodomésticos,72,51.08,10,340.52,472.94
T20,CD-Trujillo,Chiclayo,P037,Laptop HP 15,Cómputo,20,11.58,2,2094.74,2909.36
T20,CD-Trujillo,Chiclayo,P038,Laptop Lenovo ThinkPad,Cómputo,8,9.67,2,924.29,1283.74
T20,CD-Trujillo,Chiclayo,P039,Laptop Asus VivoBook,Cómputo,12,12.0,2,1397.47,1940.93
T20,CD-Trujillo,Chiclayo,P040,Laptop Dell Inspiron,Cómputo,2,13.67,3,1170.5,1625.7
T20,CD-Trujillo,Chiclayo,P041,Monitor LG 27,Cómputo,17,12.92,3,980.16,1361.33
T20,CD-Trujillo,Chiclayo,P042,Monitor Samsung 24,Cómputo,23,13.08,3,2538.28,3525.39
T20,CD-Trujillo,Chiclayo,P043,Monitor BenQ 32,Cómputo,20,12.5,2,2971.09,4126.52
T20,CD-Trujillo,Chiclayo,P044,Impresora Epson EcoTank,Cómputo,1,11.33,2,1107.72,1538.5
T20,CD-Trujillo,Chiclayo,P045,Impresora HP LaserJet,Cómputo,12,13.58,3,2342.61,3253.62
T20,CD-Trujillo,Chiclayo,P046,All-in-one Dell,Cómputo,11,11.58,2,1980.81,2751.13
T20,CD-Trujillo,Chiclayo,P047,Mini PC Intel NUC,Cómputo,4,10.25,2,2009.5,2790.97
T20,CD-Trujillo,Chiclayo,P048,Teclado mecánico Logitech,Cómputo,26,10.92,2,1407.93,1955.46
T20,CD-Trujillo,Chiclayo,P049,Smartphone iPhone 15,Celulares y Tablets,23,15.33,3,3238.6,4498.05
T20,CD-Trujillo,Chiclayo,P050,Smartphone Samsung S24,Celulares y Tablets,37,15.25,3,2417.29,3357.35
T20,CD-Trujillo,Chiclayo,P051,Smartphone Xiaomi Redmi,Celulares y Tablets,22,9.58,2,1879.13,2609.9
T20,CD-Trujillo,Chiclayo,P052,Tablet iPad 10,Celulares y Tablets,7,12.58,3,1919.08,2665.39
T20,CD-Trujillo,Chiclayo,P053,Tablet Samsung Galaxy Tab,Celulares y Tablets,20,10.58,2,3376.54,4689.64
T20,CD-Trujillo,Chiclayo,P054,Smartwatch Apple Watch,Celulares y Tablets,12,12.25,2,3559.53,4943.79
T20,CD-Trujillo,Chiclayo,P055,Smartwatch Samsung Galaxy,Celulares y Tablets,16,14.75,3,2160.56,3000.78
T20,CD-Trujillo,Chiclayo,P056,Auriculares AirPods,Celulares y Tablets,13,14.0,3,2205.43,3063.1
T20,CD-Trujillo,Chiclayo,P057,Cargador inalámbrico,Celulares y Tablets,29,15.92,3,2553.78,3546.92
T20,CD-Trujillo,Chiclayo,P058,Funda protectora,Celulares y Tablets,7,9.33,2,1406.56,1953.56
T20,CD-Trujillo,Chiclayo,P059,Power bank Anker,Celulares y Tablets,25,11.58,2,2965.77,4119.13
T20,CD-Trujillo,Chiclayo,P060,Smartphone Motorola G84,Celulares y Tablets,24,14.17,3,2022.02,2808.36
T20,CD-Trujillo,Chiclayo,P061,Aire acondicionado LG 12000BTU,Climatización,50,23.58,5,852.36,1183.84
T20,CD-Trujillo,Chiclayo,P062,AC Samsung Inverter,Climatización,17,17.92,4,1421.77,1974.68
T20,CD-Trujillo,Chiclayo,P063,AC Midea 9000BTU,Climatización,2,18.42,4,788.03,1094.48
T20,CD-Trujillo,Chiclayo,P064,Ventilador de pie,Climatización,14,21.08,4,593.3,824.03
T20,CD-Trujillo,Chiclayo,P065,Ventilador de techo,Climatización,31,15.33,3,557.73,774.62
T20,CD-Trujillo,Chiclayo,P066,Calefactor eléctrico,Climatización,18,18.42,4,226.48,314.56
T20,CD-Trujillo,Chiclayo,P067,Humidificador,Climatización,31,24.67,5,1100.52,1528.5
T20,CD-Trujillo,Chiclayo,P068,Deshumidificador,Climatización,22,17.08,3,1018.57,1414.68
T20,CD-Trujillo,Chiclayo,P069,Purificador de aire Xiaomi,Climatización,18,17.0,3,823.35,1143.54
T20,CD-Trujillo,Chiclayo,P070,Climatizador evaporativo,Climatización,8,12.75,3,914.13,1269.63
T20,CD-Trujillo,Chiclayo,P071,Calefón a gas,Climatización,30,19.0,4,867.28,1204.56
T20,CD-Trujillo,Chiclayo,P072,Terma eléctrica,Climatización,28,16.75,3,1473.8,2046.94
T20,CD-Trujillo,Chiclayo,P073,Secadora de cabello Gama,Cuidado Personal,59,30.25,6,211.17,293.29
T20,CD-Trujillo,Chiclayo,P074,Plancha de cabello Babyliss,Cuidado Personal,79,47.75,10,344.28,478.17
T20,CD-Trujillo,Chiclayo,P075,Afeitadora Philips,Cuidado Personal,76,40.33,8,359.45,499.24
T20,CD-Trujillo,Chiclayo,P076,Cortadora de cabello Wahl,Cuidado Personal,20,41.67,8,545.37,757.46
T20,CD-Trujillo,Chiclayo,P077,Cepillo dental eléctrico,Cuidado Personal,70,48.17,10,534.62,742.53
T20,CD-Trujillo,Chiclayo,P078,Depiladora Braun,Cuidado Personal,47,29.5,6,386.95,537.43
T20,CD-Trujillo,Chiclayo,P079,Afeitadora Braun,Cuidado Personal,44,40.08,8,593.25,823.96
T20,CD-Trujillo,Chiclayo,P080,Espejo con luz LED,Cuidado Personal,44,36.75,7,548.46,761.75
T20,CD-Trujillo,Chiclayo,P081,Masajeador eléctrico,Cuidado Personal,76,37.08,7,244.56,339.66
T20,CD-Trujillo,Chiclayo,P082,Rizadora Conair,Cuidado Personal,77,35.67,7,598.89,831.79
T20,CD-Trujillo,Chiclayo,P083,Kit de manicura,Cuidado Personal,72,29.67,6,115.68,160.67
T20,CD-Trujillo,Chiclayo,P084,Balanza digital,Cuidado Personal,3,46.0,9,464.58,645.25
T20,CD-Trujillo,Chiclayo,P085,Cable HDMI 2m,Accesorios,81,43.67,9,521.11,723.77
T20,CD-Trujillo,Chiclayo,P086,Cable USB-C,Accesorios,45,39.92,8,361.76,502.44
T20,CD-Trujillo,Chiclayo,P087,Mouse inalámbrico,Accesorios,3,24.92,5,325.0,451.39
T20,CD-Trujillo,Chiclayo,P088,Teclado inalámbrico,Accesorios,57,53.58,11,627.49,871.52
T20,CD-Trujillo,Chiclayo,P089,Audífonos con micrófono,Accesorios,46,42.75,9,628.68,873.16
T20,CD-Trujillo,Chiclayo,P090,Soporte para TV,Accesorios,9,48.17,10,554.98,770.8
T20,CD-Trujillo,Chiclayo,P091,Regulador de voltaje,Accesorios,62,37.33,7,340.49,472.9
T20,CD-Trujillo,Chiclayo,P092,Estabilizador,Accesorios,32,35.83,7,95.56,132.72
T20,CD-Trujillo,Chiclayo,P093,UPS 1000VA,Accesorios,42,40.5,8,214.92,298.5
T20,CD-Trujillo,Chiclayo,P094,Hub USB multipuerto,Accesorios,55,47.25,9,351.87,488.71
T20,CD-Trujillo,Chiclayo,P095,Tarjeta SD 128GB,Accesorios,35,40.5,8,114.67,159.26
T20,CD-Trujillo,Chiclayo,P096,Memoria USB 64GB,Accesorios,48,46.58,9,498.95,692.99
T21,CD-Trujillo,Piura,P001,Refrigeradora LG 340L,Línea Blanca,16,11.92,2,1932.38,2683.86
T21,CD-Trujillo,Piura,P002,Refrigeradora Samsung 450L,Línea Blanca,12,10.25,2,2799.88,3888.72
T21,CD-Trujillo,Piura,P003,Refrigeradora Bosch 280L,Línea Blanca,20,10.83,2,2491.98,3461.09
T21,CD-Trujillo,Piura,P004,Lavadora LG 15kg,Línea Blanca,2,14.83,3,2478.23,3441.98
T21,CD-Trujillo,Piura,P005,Lavadora Samsung 18kg,Línea Blanca,19,12.0,2,1363.49,1893.74
T21,CD-Trujillo,Piura,P006,Lavadora Whirlpool 14kg,Línea Blanca,1,7.17,1,1461.59,2029.99
T21,CD-Trujillo,Piura,P007,Secadora Electrolux 10kg,Línea Blanca,1,14.08,3,3192.27,4433.71
T21,CD-Trujillo,Piura,P008,Cocina a gas Indurama 4H,Línea Blanca,0,13.25,3,3072.06,4266.75
T21,CD-Trujillo,Piura,P009,Cocina eléctrica Mabe 4H,Línea Blanca,11,13.08,3,2777.0,3856.95
T21,CD-Trujillo,Piura,P010,Campana extractora Bosch,Línea Blanca,20,11.5,2,3239.19,4498.87
T21,CD-Trujillo,Piura,P011,Horno empotrado Electrolux,Línea Blanca,8,10.92,2,2084.28,2894.84
T21,CD-Trujillo,Piura,P012,Lavaplatos Frigidaire,Línea Blanca,11,11.5,2,1045.34,1451.86
T21,CD-Trujillo,Piura,P013,Smart TV LG 55,TV y Audio,8,11.25,2,1672.78,2323.3
T21,CD-Trujillo,Piura,P014,Smart TV Samsung 65,TV y Audio,32,13.58,3,2188.5,3039.59
T21,CD-Trujillo,Piura,P015,Smart TV Sony 75,TV y Audio,26,11.17,2,1558.08,2164.0
T21,CD-Trujillo,Piura,P016,Smart TV TCL 50,TV y Audio,7,15.0,3,1950.9,2709.58
T21,CD-Trujillo,Piura,P017,TV OLED LG 65,TV y Audio,28,12.67,3,2946.51,4092.37
T21,CD-Trujillo,Piura,P018,Soundbar Samsung 5.1,TV y Audio,21,10.08,2,2536.65,3523.12
T21,CD-Trujillo,Piura,P019,Soundbar JBL 2.1,TV y Audio,21,11.92,2,2235.96,3105.5
T21,CD-Trujillo,Piura,P020,Home theater Sony,TV y Audio,8,14.75,3,922.78,1281.64
T21,CD-Trujillo,Piura,P021,Parlante Bluetooth JBL,TV y Audio,22,15.58,3,2553.01,3545.85
T21,CD-Trujillo,Piura,P022,Audífonos Sony WH-1000,TV y Audio,4,11.08,2,1727.78,2399.69
T21,CD-Trujillo,Piura,P023,Barra Bose 900,TV y Audio,2,12.08,2,1867.19,2593.32
T21,CD-Trujillo,Piura,P024,Receptor AV Yamaha,TV y Audio,18,15.08,3,1811.48,2515.95
T21,CD-Trujillo,Piura,P025,Licuadora Oster 700W,Pequeños Electrodomésticos,74,40.67,8,403.41,560.29
T21,CD-Trujillo,Piura,P026,Licuadora Philips 1000W,Pequeños Electrodomésticos,14,41.0,8,351.89,488.73
T21,CD-Trujillo,Piura,P027,Microondas LG 32L,Pequeños Electrodomésticos,27,44.25,9,126.35,175.49
T21,CD-Trujillo,Piura,P028,Microondas Panasonic 25L,Pequeños Electrodomésticos,62,26.42,5,356.55,495.21
T21,CD-Trujillo,Piura,P029,Hervidor eléctrico Bosch,Pequeños Electrodomésticos,82,45.92,9,500.49,695.12
T21,CD-Trujillo,Piura,P030,Cafetera DeLonghi,Pequeños Electrodomésticos,2,41.17,8,411.94,572.14
T21,CD-Trujillo,Piura,P031,Freidora de aire Philips,Pequeños Electrodomésticos,7,28.75,6,347.51,482.65
T21,CD-Trujillo,Piura,P032,Aspiradora Dyson V11,Pequeños Electrodomésticos,13,34.75,7,598.85,831.74
T21,CD-Trujillo,Piura,P033,Plancha a vapor Rowenta,Pequeños Electrodomésticos,102,42.33,8,210.3,292.09
T21,CD-Trujillo,Piura,P034,Batidora KitchenAid,Pequeños Electrodomésticos,35,36.67,7,305.55,424.37
T21,CD-Trujillo,Piura,P035,Tostadora Oster,Pequeños Electrodomésticos,72,41.08,8,604.45,839.51
T21,CD-Trujillo,Piura,P036,Purificador de agua,Pequeños Electrodomésticos,36,32.42,6,340.52,472.94
T21,CD-Trujillo,Piura,P037,Laptop HP 15,Cómputo,13,9.5,2,2094.74,2909.36
T21,CD-Trujillo,Piura,P038,Laptop Lenovo ThinkPad,Cómputo,20,12.42,2,924.29,1283.74
T21,CD-Trujillo,Piura,P039,Laptop Asus VivoBook,Cómputo,18,11.67,2,1397.47,1940.93
T21,CD-Trujillo,Piura,P040,Laptop Dell Inspiron,Cómputo,23,13.83,3,1170.5,1625.7
T21,CD-Trujillo,Piura,P041,Monitor LG 27,Cómputo,4,10.83,2,980.16,1361.33
T21,CD-Trujillo,Piura,P042,Monitor Samsung 24,Cómputo,34,15.25,3,2538.28,3525.39
T21,CD-Trujillo,Piura,P043,Monitor BenQ 32,Cómputo,1,10.42,2,2971.09,4126.52
T21,CD-Trujillo,Piura,P044,Impresora Epson EcoTank,Cómputo,28,12.75,3,1107.72,1538.5
T21,CD-Trujillo,Piura,P045,Impresora HP LaserJet,Cómputo,20,14.08,3,2342.61,3253.62
T21,CD-Trujillo,Piura,P046,All-in-one Dell,Cómputo,6,11.0,2,1980.81,2751.13
T21,CD-Trujillo,Piura,P047,Mini PC Intel NUC,Cómputo,14,13.0,3,2009.5,2790.97
T21,CD-Trujillo,Piura,P048,Teclado mecánico Logitech,Cómputo,2,14.08,3,1407.93,1955.46
T21,CD-Trujillo,Piura,P049,Smartphone iPhone 15,Celulares y Tablets,30,12.75,3,3238.6,4498.05
T21,CD-Trujillo,Piura,P050,Smartphone Samsung S24,Celulares y Tablets,21,8.42,2,2417.29,3357.35
T21,CD-Trujillo,Piura,P051,Smartphone Xiaomi Redmi,Celulares y Tablets,25,13.33,3,1879.13,2609.9
T21,CD-Trujillo,Piura,P052,Tablet iPad 10,Celulares y Tablets,1,15.0,3,1919.08,2665.39
T21,CD-Trujillo,Piura,P053,Tablet Samsung Galaxy Tab,Celulares y Tablets,21,11.17,2,3376.54,4689.64
T21,CD-Trujillo,Piura,P054,Smartwatch Apple Watch,Celulares y Tablets,22,13.17,3,3559.53,4943.79
T21,CD-Trujillo,Piura,P055,Smartwatch Samsung Galaxy,Celulares y Tablets,0,9.75,2,2160.56,3000.78
T21,CD-Trujillo,Piura,P056,Auriculares AirPods,Celulares y Tablets,25,11.75,2,2205.43,3063.1
T21,CD-Trujillo,Piura,P057,Cargador inalámbrico,Celulares y Tablets,23,11.17,2,2553.78,3546.92
T21,CD-Trujillo,Piura,P058,Funda protectora,Celulares y Tablets,1,8.17,2,1406.56,1953.56
T21,CD-Trujillo,Piura,P059,Power bank Anker,Celulares y Tablets,6,10.25,2,2965.77,4119.13
T21,CD-Trujillo,Piura,P060,Smartphone Motorola G84,Celulares y Tablets,4,11.92,2,2022.02,2808.36
T21,CD-Trujillo,Piura,P061,Aire acondicionado LG 12000BTU,Climatización,37,20.42,4,852.36,1183.84
T21,CD-Trujillo,Piura,P062,AC Samsung Inverter,Climatización,26,20.83,4,1421.77,1974.68
T21,CD-Trujillo,Piura,P063,AC Midea 9000BTU,Climatización,1,23.83,5,788.03,1094.48
T21,CD-Trujillo,Piura,P064,Ventilador de pie,Climatización,33,19.0,4,593.3,824.03
T21,CD-Trujillo,Piura,P065,Ventilador de techo,Climatización,36,20.83,4,557.73,774.62
T21,CD-Trujillo,Piura,P066,Calefactor eléctrico,Climatización,0,22.08,4,226.48,314.56
T21,CD-Trujillo,Piura,P067,Humidificador,Climatización,33,21.92,4,1100.52,1528.5
T21,CD-Trujillo,Piura,P068,Deshumidificador,Climatización,21,17.42,3,1018.57,1414.68
T21,CD-Trujillo,Piura,P069,Purificador de aire Xiaomi,Climatización,26,19.58,4,823.35,1143.54
T21,CD-Trujillo,Piura,P070,Climatizador evaporativo,Climatización,10,14.67,3,914.13,1269.63
T21,CD-Trujillo,Piura,P071,Calefón a gas,Climatización,32,25.0,5,867.28,1204.56
T21,CD-Trujillo,Piura,P072,Terma eléctrica,Climatización,37,19.75,4,1473.8,2046.94
T21,CD-Trujillo,Piura,P073,Secadora de cabello Gama,Cuidado Personal,35,31.0,6,211.17,293.29
T21,CD-Trujillo,Piura,P074,Plancha de cabello Babyliss,Cuidado Personal,14,37.42,7,344.28,478.17
T21,CD-Trujillo,Piura,P075,Afeitadora Philips,Cuidado Personal,88,42.5,8,359.45,499.24
T21,CD-Trujillo,Piura,P076,Cortadora de cabello Wahl,Cuidado Personal,68,40.08,8,545.37,757.46
T21,CD-Trujillo,Piura,P077,Cepillo dental eléctrico,Cuidado Personal,3,26.58,5,534.62,742.53
T21,CD-Trujillo,Piura,P078,Depiladora Braun,Cuidado Personal,36,40.75,8,386.95,537.43
T21,CD-Trujillo,Piura,P079,Afeitadora Braun,Cuidado Personal,22,26.33,5,593.25,823.96
T21,CD-Trujillo,Piura,P080,Espejo con luz LED,Cuidado Personal,62,41.67,8,548.46,761.75
T21,CD-Trujillo,Piura,P081,Masajeador eléctrico,Cuidado Personal,12,34.0,7,244.56,339.66
T21,CD-Trujillo,Piura,P082,Rizadora Conair,Cuidado Personal,71,52.92,11,598.89,831.79
T21,CD-Trujillo,Piura,P083,Kit de manicura,Cuidado Personal,1,35.67,7,115.68,160.67
T21,CD-Trujillo,Piura,P084,Balanza digital,Cuidado Personal,83,34.08,7,464.58,645.25
T21,CD-Trujillo,Piura,P085,Cable HDMI 2m,Accesorios,87,41.33,8,521.11,723.77
T21,CD-Trujillo,Piura,P086,Cable USB-C,Accesorios,19,40.75,8,361.76,502.44
T21,CD-Trujillo,Piura,P087,Mouse inalámbrico,Accesorios,53,35.42,7,325.0,451.39
T21,CD-Trujillo,Piura,P088,Teclado inalámbrico,Accesorios,59,36.0,7,627.49,871.52
T21,CD-Trujillo,Piura,P089,Audífonos con micrófono,Accesorios,81,36.75,7,628.68,873.16
T21,CD-Trujillo,Piura,P090,Soporte para TV,Accesorios,28,48.67,10,554.98,770.8
T21,CD-Trujillo,Piura,P091,Regulador de voltaje,Accesorios,43,25.58,5,340.49,472.9
T21,CD-Trujillo,Piura,P092,Estabilizador,Accesorios,83,36.17,7,95.56,132.72
T21,CD-Trujillo,Piura,P093,UPS 1000VA,Accesorios,42,37.17,7,214.92,298.5
T21,CD-Trujillo,Piura,P094,Hub USB multipuerto,Accesorios,21,41.42,8,351.87,488.71
T21,CD-Trujillo,Piura,P095,Tarjeta SD 128GB,Accesorios,92,45.92,9,114.67,159.26
T21,CD-Trujillo,Piura,P096,Memoria USB 64GB,Accesorios,0,46.92,9,498.95,692.99
T22,CD-Trujillo,Cajamarca,P001,Refrigeradora LG 340L,Línea Blanca,21,11.83,2,1932.38,2683.86
T22,CD-Trujillo,Cajamarca,P002,Refrigeradora Samsung 450L,Línea Blanca,29,14.58,3,2799.88,3888.72
T22,CD-Trujillo,Cajamarca,P003,Refrigeradora Bosch 280L,Línea Blanca,2,14.5,3,2491.98,3461.09
T22,CD-Trujillo,Cajamarca,P004,Lavadora LG 15kg,Línea Blanca,20,16.17,3,2478.23,3441.98
T22,CD-Trujillo,Cajamarca,P005,Lavadora Samsung 18kg,Línea Blanca,23,9.92,2,1363.49,1893.74
T22,CD-Trujillo,Cajamarca,P006,Lavadora Whirlpool 14kg,Línea Blanca,25,14.83,3,1461.59,2029.99
T22,CD-Trujillo,Cajamarca,P007,Secadora Electrolux 10kg,Línea Blanca,24,13.42,3,3192.27,4433.71
T22,CD-Trujillo,Cajamarca,P008,Cocina a gas Indurama 4H,Línea Blanca,11,14.33,3,3072.06,4266.75
T22,CD-Trujillo,Cajamarca,P009,Cocina eléctrica Mabe 4H,Línea Blanca,23,12.33,2,2777.0,3856.95
T22,CD-Trujillo,Cajamarca,P010,Campana extractora Bosch,Línea Blanca,3,17.33,3,3239.19,4498.87
T22,CD-Trujillo,Cajamarca,P011,Horno empotrado Electrolux,Línea Blanca,0,11.5,2,2084.28,2894.84
T22,CD-Trujillo,Cajamarca,P012,Lavaplatos Frigidaire,Línea Blanca,26,13.58,3,1045.34,1451.86
T22,CD-Trujillo,Cajamarca,P013,Smart TV LG 55,TV y Audio,11,6.33,1,1672.78,2323.3
T22,CD-Trujillo,Cajamarca,P014,Smart TV Samsung 65,TV y Audio,23,11.33,2,2188.5,3039.59
T22,CD-Trujillo,Cajamarca,P015,Smart TV Sony 75,TV y Audio,2,12.42,2,1558.08,2164.0
T22,CD-Trujillo,Cajamarca,P016,Smart TV TCL 50,TV y Audio,24,11.83,2,1950.9,2709.58
T22,CD-Trujillo,Cajamarca,P017,TV OLED LG 65,TV y Audio,4,8.92,2,2946.51,4092.37
T22,CD-Trujillo,Cajamarca,P018,Soundbar Samsung 5.1,TV y Audio,11,13.83,3,2536.65,3523.12
T22,CD-Trujillo,Cajamarca,P019,Soundbar JBL 2.1,TV y Audio,36,15.92,3,2235.96,3105.5
T22,CD-Trujillo,Cajamarca,P020,Home theater Sony,TV y Audio,4,14.17,3,922.78,1281.64
T22,CD-Trujillo,Cajamarca,P021,Parlante Bluetooth JBL,TV y Audio,25,10.25,2,2553.01,3545.85
T22,CD-Trujillo,Cajamarca,P022,Audífonos Sony WH-1000,TV y Audio,12,7.58,2,1727.78,2399.69
T22,CD-Trujillo,Cajamarca,P023,Barra Bose 900,TV y Audio,27,15.92,3,1867.19,2593.32
T22,CD-Trujillo,Cajamarca,P024,Receptor AV Yamaha,TV y Audio,6,11.83,2,1811.48,2515.95
T22,CD-Trujillo,Cajamarca,P025,Licuadora Oster 700W,Pequeños Electrodomésticos,59,40.67,8,403.41,560.29
T22,CD-Trujillo,Cajamarca,P026,Licuadora Philips 1000W,Pequeños Electrodomésticos,57,28.75,6,351.89,488.73
T22,CD-Trujillo,Cajamarca,P027,Microondas LG 32L,Pequeños Electrodomésticos,90,43.58,9,126.35,175.49
T22,CD-Trujillo,Cajamarca,P028,Microondas Panasonic 25L,Pequeños Electrodomésticos,29,48.5,10,356.55,495.21
T22,CD-Trujillo,Cajamarca,P029,Hervidor eléctrico Bosch,Pequeños Electrodomésticos,60,43.58,9,500.49,695.12
T22,CD-Trujillo,Cajamarca,P030,Cafetera DeLonghi,Pequeños Electrodomésticos,82,39.92,8,411.94,572.14
T22,CD-Trujillo,Cajamarca,P031,Freidora de aire Philips,Pequeños Electrodomésticos,59,37.75,8,347.51,482.65
T22,CD-Trujillo,Cajamarca,P032,Aspiradora Dyson V11,Pequeños Electrodomésticos,35,36.25,7,598.85,831.74
T22,CD-Trujillo,Cajamarca,P033,Plancha a vapor Rowenta,Pequeños Electrodomésticos,62,40.83,8,210.3,292.09
T22,CD-Trujillo,Cajamarca,P034,Batidora KitchenAid,Pequeños Electrodomésticos,85,48.08,10,305.55,424.37
T22,CD-Trujillo,Cajamarca,P035,Tostadora Oster,Pequeños Electrodomésticos,28,31.5,6,604.45,839.51
T22,CD-Trujillo,Cajamarca,P036,Purificador de agua,Pequeños Electrodomésticos,56,39.0,8,340.52,472.94
T22,CD-Trujillo,Cajamarca,P037,Laptop HP 15,Cómputo,14,12.58,3,2094.74,2909.36
T22,CD-Trujillo,Cajamarca,P038,Laptop Lenovo ThinkPad,Cómputo,15,14.25,3,924.29,1283.74
T22,CD-Trujillo,Cajamarca,P039,Laptop Asus VivoBook,Cómputo,22,13.58,3,1397.47,1940.93
T22,CD-Trujillo,Cajamarca,P040,Laptop Dell Inspiron,Cómputo,6,12.42,2,1170.5,1625.7
T22,CD-Trujillo,Cajamarca,P041,Monitor LG 27,Cómputo,31,12.42,2,980.16,1361.33
T22,CD-Trujillo,Cajamarca,P042,Monitor Samsung 24,Cómputo,3,13.08,3,2538.28,3525.39
T22,CD-Trujillo,Cajamarca,P043,Monitor BenQ 32,Cómputo,1,10.33,2,2971.09,4126.52
T22,CD-Trujillo,Cajamarca,P044,Impresora Epson EcoTank,Cómputo,14,13.58,3,1107.72,1538.5
T22,CD-Trujillo,Cajamarca,P045,Impresora HP LaserJet,Cómputo,16,10.58,2,2342.61,3253.62
T22,CD-Trujillo,Cajamarca,P046,All-in-one Dell,Cómputo,12,9.08,2,1980.81,2751.13
T22,CD-Trujillo,Cajamarca,P047,Mini PC Intel NUC,Cómputo,0,8.58,2,2009.5,2790.97
T22,CD-Trujillo,Cajamarca,P048,Teclado mecánico Logitech,Cómputo,25,12.92,3,1407.93,1955.46
T22,CD-Trujillo,Cajamarca,P049,Smartphone iPhone 15,Celulares y Tablets,7,12.92,3,3238.6,4498.05
T22,CD-Trujillo,Cajamarca,P050,Smartphone Samsung S24,Celulares y Tablets,5,11.0,2,2417.29,3357.35
T22,CD-Trujillo,Cajamarca,P051,Smartphone Xiaomi Redmi,Celulares y Tablets,14,11.0,2,1879.13,2609.9
T22,CD-Trujillo,Cajamarca,P052,Tablet iPad 10,Celulares y Tablets,3,8.42,2,1919.08,2665.39
T22,CD-Trujillo,Cajamarca,P053,Tablet Samsung Galaxy Tab,Celulares y Tablets,1,10.67,2,3376.54,4689.64
T22,CD-Trujillo,Cajamarca,P054,Smartwatch Apple Watch,Celulares y Tablets,26,10.92,2,3559.53,4943.79
T22,CD-Trujillo,Cajamarca,P055,Smartwatch Samsung Galaxy,Celulares y Tablets,26,13.17,3,2160.56,3000.78
T22,CD-Trujillo,Cajamarca,P056,Auriculares AirPods,Celulares y Tablets,23,10.83,2,2205.43,3063.1
T22,CD-Trujillo,Cajamarca,P057,Cargador inalámbrico,Celulares y Tablets,29,12.67,3,2553.78,3546.92
T22,CD-Trujillo,Cajamarca,P058,Funda protectora,Celulares y Tablets,12,12.92,3,1406.56,1953.56
T22,CD-Trujillo,Cajamarca,P059,Power bank Anker,Celulares y Tablets,10,10.42,2,2965.77,4119.13
T22,CD-Trujillo,Cajamarca,P060,Smartphone Motorola G84,Celulares y Tablets,19,8.75,2,2022.02,2808.36
T22,CD-Trujillo,Cajamarca,P061,Aire acondicionado LG 12000BTU,Climatización,2,18.08,4,852.36,1183.84
T22,CD-Trujillo,Cajamarca,P062,AC Samsung Inverter,Climatización,17,21.83,4,1421.77,1974.68
T22,CD-Trujillo,Cajamarca,P063,AC Midea 9000BTU,Climatización,14,20.67,4,788.03,1094.48
T22,CD-Trujillo,Cajamarca,P064,Ventilador de pie,Climatización,35,23.92,5,593.3,824.03
T22,CD-Trujillo,Cajamarca,P065,Ventilador de techo,Climatización,22,20.33,4,557.73,774.62
T22,CD-Trujillo,Cajamarca,P066,Calefactor eléctrico,Climatización,9,20.58,4,226.48,314.56
T22,CD-Trujillo,Cajamarca,P067,Humidificador,Climatización,31,14.25,3,1100.52,1528.5
T22,CD-Trujillo,Cajamarca,P068,Deshumidificador,Climatización,37,16.58,3,1018.57,1414.68
T22,CD-Trujillo,Cajamarca,P069,Purificador de aire Xiaomi,Climatización,37,18.75,4,823.35,1143.54
T22,CD-Trujillo,Cajamarca,P070,Climatizador evaporativo,Climatización,38,18.58,4,914.13,1269.63
T22,CD-Trujillo,Cajamarca,P071,Calefón a gas,Climatización,32,19.67,4,867.28,1204.56
T22,CD-Trujillo,Cajamarca,P072,Terma eléctrica,Climatización,41,18.92,4,1473.8,2046.94
T22,CD-Trujillo,Cajamarca,P073,Secadora de cabello Gama,Cuidado Personal,9,42.0,8,211.17,293.29
T22,CD-Trujillo,Cajamarca,P074,Plancha de cabello Babyliss,Cuidado Personal,1,35.92,7,344.28,478.17
T22,CD-Trujillo,Cajamarca,P075,Afeitadora Philips,Cuidado Personal,8,44.5,9,359.45,499.24
T22,CD-Trujillo,Cajamarca,P076,Cortadora de cabello Wahl,Cuidado Personal,49,38.33,8,545.37,757.46
T22,CD-Trujillo,Cajamarca,P077,Cepillo dental eléctrico,Cuidado Personal,48,37.42,7,534.62,742.53
T22,CD-Trujillo,Cajamarca,P078,Depiladora Braun,Cuidado Personal,57,32.67,7,386.95,537.43
T22,CD-Trujillo,Cajamarca,P079,Afeitadora Braun,Cuidado Personal,61,40.92,8,593.25,823.96
T22,CD-Trujillo,Cajamarca,P080,Espejo con luz LED,Cuidado Personal,1,33.08,7,548.46,761.75
T22,CD-Trujillo,Cajamarca,P081,Masajeador eléctrico,Cuidado Personal,58,44.17,9,244.56,339.66
T22,CD-Trujillo,Cajamarca,P082,Rizadora Conair,Cuidado Personal,81,37.17,7,598.89,831.79
T22,CD-Trujillo,Cajamarca,P083,Kit de manicura,Cuidado Personal,56,46.17,9,115.68,160.67
T22,CD-Trujillo,Cajamarca,P084,Balanza digital,Cuidado Personal,81,43.42,9,464.58,645.25
T22,CD-Trujillo,Cajamarca,P085,Cable HDMI 2m,Accesorios,49,43.08,9,521.11,723.77
T22,CD-Trujillo,Cajamarca,P086,Cable USB-C,Accesorios,19,30.42,6,361.76,502.44
T22,CD-Trujillo,Cajamarca,P087,Mouse inalámbrico,Accesorios,34,37.17,7,325.0,451.39
T22,CD-Trujillo,Cajamarca,P088,Teclado inalámbrico,Accesorios,44,42.67,9,627.49,871.52
T22,CD-Trujillo,Cajamarca,P089,Audífonos con micrófono,Accesorios,59,40.58,8,628.68,873.16
T22,CD-Trujillo,Cajamarca,P090,Soporte para TV,Accesorios,54,33.58,7,554.98,770.8
T22,CD-Trujillo,Cajamarca,P091,Regulador de voltaje,Accesorios,11,29.25,6,340.49,472.9
T22,CD-Trujillo,Cajamarca,P092,Estabilizador,Accesorios,17,26.67,5,95.56,132.72
T22,CD-Trujillo,Cajamarca,P093,UPS 1000VA,Accesorios,17,35.25,7,214.92,298.5
T22,CD-Trujillo,Cajamarca,P094,Hub USB multipuerto,Accesorios,84,37.0,7,351.87,488.71
T22,CD-Trujillo,Cajamarca,P095,Tarjeta SD 128GB,Accesorios,35,36.0,7,114.67,159.26
T22,CD-Trujillo,Cajamarca,P096,Memoria USB 64GB,Accesorios,11,33.0,7,498.95,692.99
T23,CD-Trujillo,Áncash,P001,Refrigeradora LG 340L,Línea Blanca,9,12.67,3,1932.38,2683.86
T23,CD-Trujillo,Áncash,P002,Refrigeradora Samsung 450L,Línea Blanca,15,12.17,2,2799.88,3888.72
T23,CD-Trujillo,Áncash,P003,Refrigeradora Bosch 280L,Línea Blanca,2,9.0,2,2491.98,3461.09
T23,CD-Trujillo,Áncash,P004,Lavadora LG 15kg,Línea Blanca,13,10.5,2,2478.23,3441.98
T23,CD-Trujillo,Áncash,P005,Lavadora Samsung 18kg,Línea Blanca,6,11.58,2,1363.49,1893.74
T23,CD-Trujillo,Áncash,P006,Lavadora Whirlpool 14kg,Línea Blanca,6,11.75,2,1461.59,2029.99
T23,CD-Trujillo,Áncash,P007,Secadora Electrolux 10kg,Línea Blanca,10,11.92,2,3192.27,4433.71
T23,CD-Trujillo,Áncash,P008,Cocina a gas Indurama 4H,Línea Blanca,24,10.5,2,3072.06,4266.75
T23,CD-Trujillo,Áncash,P009,Cocina eléctrica Mabe 4H,Línea Blanca,10,15.58,3,2777.0,3856.95
T23,CD-Trujillo,Áncash,P010,Campana extractora Bosch,Línea Blanca,18,12.17,2,3239.19,4498.87
T23,CD-Trujillo,Áncash,P011,Horno empotrado Electrolux,Línea Blanca,6,11.08,2,2084.28,2894.84
T23,CD-Trujillo,Áncash,P012,Lavaplatos Frigidaire,Línea Blanca,13,14.25,3,1045.34,1451.86
T23,CD-Trujillo,Áncash,P013,Smart TV LG 55,TV y Audio,19,10.83,2,1672.78,2323.3
T23,CD-Trujillo,Áncash,P014,Smart TV Samsung 65,TV y Audio,5,10.42,2,2188.5,3039.59
T23,CD-Trujillo,Áncash,P015,Smart TV Sony 75,TV y Audio,6,12.75,3,1558.08,2164.0
T23,CD-Trujillo,Áncash,P016,Smart TV TCL 50,TV y Audio,28,13.67,3,1950.9,2709.58
T23,CD-Trujillo,Áncash,P017,TV OLED LG 65,TV y Audio,7,13.17,3,2946.51,4092.37
T23,CD-Trujillo,Áncash,P018,Soundbar Samsung 5.1,TV y Audio,34,15.5,3,2536.65,3523.12
T23,CD-Trujillo,Áncash,P019,Soundbar JBL 2.1,TV y Audio,23,14.17,3,2235.96,3105.5
T23,CD-Trujillo,Áncash,P020,Home theater Sony,TV y Audio,21,11.67,2,922.78,1281.64
T23,CD-Trujillo,Áncash,P021,Parlante Bluetooth JBL,TV y Audio,6,12.75,3,2553.01,3545.85
T23,CD-Trujillo,Áncash,P022,Audífonos Sony WH-1000,TV y Audio,29,12.08,2,1727.78,2399.69
T23,CD-Trujillo,Áncash,P023,Barra Bose 900,TV y Audio,0,17.83,4,1867.19,2593.32
T23,CD-Trujillo,Áncash,P024,Receptor AV Yamaha,TV y Audio,27,13.25,3,1811.48,2515.95
T23,CD-Trujillo,Áncash,P025,Licuadora Oster 700W,Pequeños Electrodomésticos,39,34.0,7,403.41,560.29
T23,CD-Trujillo,Áncash,P026,Licuadora Philips 1000W,Pequeños Electrodomésticos,56,43.33,9,351.89,488.73
T23,CD-Trujillo,Áncash,P027,Microondas LG 32L,Pequeños Electrodomésticos,0,34.67,7,126.35,175.49
T23,CD-Trujillo,Áncash,P028,Microondas Panasonic 25L,Pequeños Electrodomésticos,56,45.08,9,356.55,495.21
T23,CD-Trujillo,Áncash,P029,Hervidor eléctrico Bosch,Pequeños Electrodomésticos,23,34.5,7,500.49,695.12
T23,CD-Trujillo,Áncash,P030,Cafetera DeLonghi,Pequeños Electrodomésticos,66,37.75,8,411.94,572.14
T23,CD-Trujillo,Áncash,P031,Freidora de aire Philips,Pequeños Electrodomésticos,9,33.83,7,347.51,482.65
T23,CD-Trujillo,Áncash,P032,Aspiradora Dyson V11,Pequeños Electrodomésticos,56,32.17,6,598.85,831.74
T23,CD-Trujillo,Áncash,P033,Plancha a vapor Rowenta,Pequeños Electrodomésticos,30,47.33,9,210.3,292.09
T23,CD-Trujillo,Áncash,P034,Batidora KitchenAid,Pequeños Electrodomésticos,6,40.42,8,305.55,424.37
T23,CD-Trujillo,Áncash,P035,Tostadora Oster,Pequeños Electrodomésticos,7,41.83,8,604.45,839.51
T23,CD-Trujillo,Áncash,P036,Purificador de agua,Pequeños Electrodomésticos,49,39.0,8,340.52,472.94
T23,CD-Trujillo,Áncash,P037,Laptop HP 15,Cómputo,19,14.67,3,2094.74,2909.36
T23,CD-Trujillo,Áncash,P038,Laptop Lenovo ThinkPad,Cómputo,17,11.67,2,924.29,1283.74
T23,CD-Trujillo,Áncash,P039,Laptop Asus VivoBook,Cómputo,19,17.42,3,1397.47,1940.93
T23,CD-Trujillo,Áncash,P040,Laptop Dell Inspiron,Cómputo,21,12.75,3,1170.5,1625.7
T23,CD-Trujillo,Áncash,P041,Monitor LG 27,Cómputo,21,11.42,2,980.16,1361.33
T23,CD-Trujillo,Áncash,P042,Monitor Samsung 24,Cómputo,11,9.42,2,2538.28,3525.39
T23,CD-Trujillo,Áncash,P043,Monitor BenQ 32,Cómputo,6,11.33,2,2971.09,4126.52
T23,CD-Trujillo,Áncash,P044,Impresora Epson EcoTank,Cómputo,10,13.08,3,1107.72,1538.5
T23,CD-Trujillo,Áncash,P045,Impresora HP LaserJet,Cómputo,7,14.33,3,2342.61,3253.62
T23,CD-Trujillo,Áncash,P046,All-in-one Dell,Cómputo,1,14.75,3,1980.81,2751.13
T23,CD-Trujillo,Áncash,P047,Mini PC Intel NUC,Cómputo,10,15.17,3,2009.5,2790.97
T23,CD-Trujillo,Áncash,P048,Teclado mecánico Logitech,Cómputo,4,12.83,3,1407.93,1955.46
T23,CD-Trujillo,Áncash,P049,Smartphone iPhone 15,Celulares y Tablets,30,16.42,3,3238.6,4498.05
T23,CD-Trujillo,Áncash,P050,Smartphone Samsung S24,Celulares y Tablets,25,12.42,2,2417.29,3357.35
T23,CD-Trujillo,Áncash,P051,Smartphone Xiaomi Redmi,Celulares y Tablets,13,9.92,2,1879.13,2609.9
T23,CD-Trujillo,Áncash,P052,Tablet iPad 10,Celulares y Tablets,29,14.58,3,1919.08,2665.39
T23,CD-Trujillo,Áncash,P053,Tablet Samsung Galaxy Tab,Celulares y Tablets,12,15.33,3,3376.54,4689.64
T23,CD-Trujillo,Áncash,P054,Smartwatch Apple Watch,Celulares y Tablets,33,17.0,3,3559.53,4943.79
T23,CD-Trujillo,Áncash,P055,Smartwatch Samsung Galaxy,Celulares y Tablets,1,10.83,2,2160.56,3000.78
T23,CD-Trujillo,Áncash,P056,Auriculares AirPods,Celulares y Tablets,15,15.42,3,2205.43,3063.1
T23,CD-Trujillo,Áncash,P057,Cargador inalámbrico,Celulares y Tablets,11,9.42,2,2553.78,3546.92
T23,CD-Trujillo,Áncash,P058,Funda protectora,Celulares y Tablets,6,12.58,3,1406.56,1953.56
T23,CD-Trujillo,Áncash,P059,Power bank Anker,Celulares y Tablets,6,8.83,2,2965.77,4119.13
T23,CD-Trujillo,Áncash,P060,Smartphone Motorola G84,Celulares y Tablets,5,12.42,2,2022.02,2808.36
T23,CD-Trujillo,Áncash,P061,Aire acondicionado LG 12000BTU,Climatización,16,19.25,4,852.36,1183.84
T23,CD-Trujillo,Áncash,P062,AC Samsung Inverter,Climatización,18,17.17,3,1421.77,1974.68
T23,CD-Trujillo,Áncash,P063,AC Midea 9000BTU,Climatización,32,17.25,3,788.03,1094.48
T23,CD-Trujillo,Áncash,P064,Ventilador de pie,Climatización,56,22.83,5,593.3,824.03
T23,CD-Trujillo,Áncash,P065,Ventilador de techo,Climatización,36,20.67,4,557.73,774.62
T23,CD-Trujillo,Áncash,P066,Calefactor eléctrico,Climatización,43,18.75,4,226.48,314.56
T23,CD-Trujillo,Áncash,P067,Humidificador,Climatización,13,21.17,4,1100.52,1528.5
T23,CD-Trujillo,Áncash,P068,Deshumidificador,Climatización,34,23.83,5,1018.57,1414.68
T23,CD-Trujillo,Áncash,P069,Purificador de aire Xiaomi,Climatización,30,18.0,4,823.35,1143.54
T23,CD-Trujillo,Áncash,P070,Climatizador evaporativo,Climatización,0,22.83,5,914.13,1269.63
T23,CD-Trujillo,Áncash,P071,Calefón a gas,Climatización,39,18.92,4,867.28,1204.56
T23,CD-Trujillo,Áncash,P072,Terma eléctrica,Climatización,26,19.67,4,1473.8,2046.94
T23,CD-Trujillo,Áncash,P073,Secadora de cabello Gama,Cuidado Personal,32,52.33,10,211.17,293.29
T23,CD-Trujillo,Áncash,P074,Plancha de cabello Babyliss,Cuidado Personal,41,43.33,9,344.28,478.17
T23,CD-Trujillo,Áncash,P075,Afeitadora Philips,Cuidado Personal,33,44.17,9,359.45,499.24
T23,CD-Trujillo,Áncash,P076,Cortadora de cabello Wahl,Cuidado Personal,82,45.0,9,545.37,757.46
T23,CD-Trujillo,Áncash,P077,Cepillo dental eléctrico,Cuidado Personal,35,33.08,7,534.62,742.53
T23,CD-Trujillo,Áncash,P078,Depiladora Braun,Cuidado Personal,19,51.08,10,386.95,537.43
T23,CD-Trujillo,Áncash,P079,Afeitadora Braun,Cuidado Personal,108,43.83,9,593.25,823.96
T23,CD-Trujillo,Áncash,P080,Espejo con luz LED,Cuidado Personal,30,37.08,7,548.46,761.75
T23,CD-Trujillo,Áncash,P081,Masajeador eléctrico,Cuidado Personal,76,39.0,8,244.56,339.66
T23,CD-Trujillo,Áncash,P082,Rizadora Conair,Cuidado Personal,41,46.08,9,598.89,831.79
T23,CD-Trujillo,Áncash,P083,Kit de manicura,Cuidado Personal,45,47.83,10,115.68,160.67
T23,CD-Trujillo,Áncash,P084,Balanza digital,Cuidado Personal,24,48.08,10,464.58,645.25
T23,CD-Trujillo,Áncash,P085,Cable HDMI 2m,Accesorios,5,36.67,7,521.11,723.77
T23,CD-Trujillo,Áncash,P086,Cable USB-C,Accesorios,78,37.08,7,361.76,502.44
T23,CD-Trujillo,Áncash,P087,Mouse inalámbrico,Accesorios,6,26.0,5,325.0,451.39
T23,CD-Trujillo,Áncash,P088,Teclado inalámbrico,Accesorios,45,39.17,8,627.49,871.52
T23,CD-Trujillo,Áncash,P089,Audífonos con micrófono,Accesorios,64,55.08,11,628.68,873.16
T23,CD-Trujillo,Áncash,P090,Soporte para TV,Accesorios,44,33.92,7,554.98,770.8
T23,CD-Trujillo,Áncash,P091,Regulador de voltaje,Accesorios,53,37.17,7,340.49,472.9
T23,CD-Trujillo,Áncash,P092,Estabilizador,Accesorios,20,37.75,8,95.56,132.72
T23,CD-Trujillo,Áncash,P093,UPS 1000VA,Accesorios,20,37.08,7,214.92,298.5
T23,CD-Trujillo,Áncash,P094,Hub USB multipuerto,Accesorios,73,33.25,7,351.87,488.71
T23,CD-Trujillo,Áncash,P095,Tarjeta SD 128GB,Accesorios,27,27.58,6,114.67,159.26
T23,CD-Trujillo,Áncash,P096,Memoria USB 64GB,Accesorios,21,37.33,7,498.95,692.99
T24,CD-Trujillo,Áncash,P001,Refrigeradora LG 340L,Línea Blanca,12,13.92,3,1932.38,2683.86
T24,CD-Trujillo,Áncash,P002,Refrigeradora Samsung 450L,Línea Blanca,3,9.0,2,2799.88,3888.72
T24,CD-Trujillo,Áncash,P003,Refrigeradora Bosch 280L,Línea Blanca,10,13.67,3,2491.98,3461.09
T24,CD-Trujillo,Áncash,P004,Lavadora LG 15kg,Línea Blanca,10,11.58,2,2478.23,3441.98
T24,CD-Trujillo,Áncash,P005,Lavadora Samsung 18kg,Línea Blanca,25,12.25,2,1363.49,1893.74
T24,CD-Trujillo,Áncash,P006,Lavadora Whirlpool 14kg,Línea Blanca,13,13.0,3,1461.59,2029.99
T24,CD-Trujillo,Áncash,P007,Secadora Electrolux 10kg,Línea Blanca,37,15.42,3,3192.27,4433.71
T24,CD-Trujillo,Áncash,P008,Cocina a gas Indurama 4H,Línea Blanca,18,8.33,2,3072.06,4266.75
T24,CD-Trujillo,Áncash,P009,Cocina eléctrica Mabe 4H,Línea Blanca,11,14.67,3,2777.0,3856.95
T24,CD-Trujillo,Áncash,P010,Campana extractora Bosch,Línea Blanca,22,10.5,2,3239.19,4498.87
T24,CD-Trujillo,Áncash,P011,Horno empotrado Electrolux,Línea Blanca,11,7.67,2,2084.28,2894.84
T24,CD-Trujillo,Áncash,P012,Lavaplatos Frigidaire,Línea Blanca,4,14.75,3,1045.34,1451.86
T24,CD-Trujillo,Áncash,P013,Smart TV LG 55,TV y Audio,5,11.25,2,1672.78,2323.3
T24,CD-Trujillo,Áncash,P014,Smart TV Samsung 65,TV y Audio,14,10.0,2,2188.5,3039.59
T24,CD-Trujillo,Áncash,P015,Smart TV Sony 75,TV y Audio,16,13.0,3,1558.08,2164.0
T24,CD-Trujillo,Áncash,P016,Smart TV TCL 50,TV y Audio,19,10.58,2,1950.9,2709.58
T24,CD-Trujillo,Áncash,P017,TV OLED LG 65,TV y Audio,19,9.5,2,2946.51,4092.37
T24,CD-Trujillo,Áncash,P018,Soundbar Samsung 5.1,TV y Audio,28,13.33,3,2536.65,3523.12
T24,CD-Trujillo,Áncash,P019,Soundbar JBL 2.1,TV y Audio,5,12.75,3,2235.96,3105.5
T24,CD-Trujillo,Áncash,P020,Home theater Sony,TV y Audio,21,15.5,3,922.78,1281.64
T24,CD-Trujillo,Áncash,P021,Parlante Bluetooth JBL,TV y Audio,36,14.5,3,2553.01,3545.85
T24,CD-Trujillo,Áncash,P022,Audífonos Sony WH-1000,TV y Audio,11,10.5,2,1727.78,2399.69
T24,CD-Trujillo,Áncash,P023,Barra Bose 900,TV y Audio,31,12.5,2,1867.19,2593.32
T24,CD-Trujillo,Áncash,P024,Receptor AV Yamaha,TV y Audio,3,11.08,2,1811.48,2515.95
T24,CD-Trujillo,Áncash,P025,Licuadora Oster 700W,Pequeños Electrodomésticos,33,36.0,7,403.41,560.29
T24,CD-Trujillo,Áncash,P026,Licuadora Philips 1000W,Pequeños Electrodomésticos,48,39.17,8,351.89,488.73
T24,CD-Trujillo,Áncash,P027,Microondas LG 32L,Pequeños Electrodomésticos,43,49.42,10,126.35,175.49
T24,CD-Trujillo,Áncash,P028,Microondas Panasonic 25L,Pequeños Electrodomésticos,0,40.58,8,356.55,495.21
T24,CD-Trujillo,Áncash,P029,Hervidor eléctrico Bosch,Pequeños Electrodomésticos,13,27.5,6,500.49,695.12
T24,CD-Trujillo,Áncash,P030,Cafetera DeLonghi,Pequeños Electrodomésticos,48,38.0,8,411.94,572.14
T24,CD-Trujillo,Áncash,P031,Freidora de aire Philips,Pequeños Electrodomésticos,44,38.0,8,347.51,482.65
T24,CD-Trujillo,Áncash,P032,Aspiradora Dyson V11,Pequeños Electrodomésticos,46,42.33,8,598.85,831.74
T24,CD-Trujillo,Áncash,P033,Plancha a vapor Rowenta,Pequeños Electrodomésticos,50,46.17,9,210.3,292.09
T24,CD-Trujillo,Áncash,P034,Batidora KitchenAid,Pequeños Electrodomésticos,61,47.42,9,305.55,424.37
T24,CD-Trujillo,Áncash,P035,Tostadora Oster,Pequeños Electrodomésticos,62,32.08,6,604.45,839.51
T24,CD-Trujillo,Áncash,P036,Purificador de agua,Pequeños Electrodomésticos,56,47.42,9,340.52,472.94
T24,CD-Trujillo,Áncash,P037,Laptop HP 15,Cómputo,20,11.92,2,2094.74,2909.36
T24,CD-Trujillo,Áncash,P038,Laptop Lenovo ThinkPad,Cómputo,22,9.58,2,924.29,1283.74
T24,CD-Trujillo,Áncash,P039,Laptop Asus VivoBook,Cómputo,4,9.67,2,1397.47,1940.93
T24,CD-Trujillo,Áncash,P040,Laptop Dell Inspiron,Cómputo,25,12.75,3,1170.5,1625.7
T24,CD-Trujillo,Áncash,P041,Monitor LG 27,Cómputo,17,13.75,3,980.16,1361.33
T24,CD-Trujillo,Áncash,P042,Monitor Samsung 24,Cómputo,21,10.0,2,2538.28,3525.39
T24,CD-Trujillo,Áncash,P043,Monitor BenQ 32,Cómputo,36,14.67,3,2971.09,4126.52
T24,CD-Trujillo,Áncash,P044,Impresora Epson EcoTank,Cómputo,13,11.0,2,1107.72,1538.5
T24,CD-Trujillo,Áncash,P045,Impresora HP LaserJet,Cómputo,6,8.92,2,2342.61,3253.62
T24,CD-Trujillo,Áncash,P046,All-in-one Dell,Cómputo,29,16.58,3,1980.81,2751.13
T24,CD-Trujillo,Áncash,P047,Mini PC Intel NUC,Cómputo,29,15.33,3,2009.5,2790.97
T24,CD-Trujillo,Áncash,P048,Teclado mecánico Logitech,Cómputo,10,12.92,3,1407.93,1955.46
T24,CD-Trujillo,Áncash,P049,Smartphone iPhone 15,Celulares y Tablets,23,12.5,2,3238.6,4498.05
T24,CD-Trujillo,Áncash,P050,Smartphone Samsung S24,Celulares y Tablets,26,11.5,2,2417.29,3357.35
T24,CD-Trujillo,Áncash,P051,Smartphone Xiaomi Redmi,Celulares y Tablets,5,14.17,3,1879.13,2609.9
T24,CD-Trujillo,Áncash,P052,Tablet iPad 10,Celulares y Tablets,11,12.67,3,1919.08,2665.39
T24,CD-Trujillo,Áncash,P053,Tablet Samsung Galaxy Tab,Celulares y Tablets,25,16.08,3,3376.54,4689.64
T24,CD-Trujillo,Áncash,P054,Smartwatch Apple Watch,Celulares y Tablets,3,10.92,2,3559.53,4943.79
T24,CD-Trujillo,Áncash,P055,Smartwatch Samsung Galaxy,Celulares y Tablets,30,12.92,3,2160.56,3000.78
T24,CD-Trujillo,Áncash,P056,Auriculares AirPods,Celulares y Tablets,2,12.5,2,2205.43,3063.1
T24,CD-Trujillo,Áncash,P057,Cargador inalámbrico,Celulares y Tablets,17,8.75,2,2553.78,3546.92
T24,CD-Trujillo,Áncash,P058,Funda protectora,Celulares y Tablets,6,12.08,2,1406.56,1953.56
T24,CD-Trujillo,Áncash,P059,Power bank Anker,Celulares y Tablets,19,13.5,3,2965.77,4119.13
T24,CD-Trujillo,Áncash,P060,Smartphone Motorola G84,Celulares y Tablets,10,15.0,3,2022.02,2808.36
T24,CD-Trujillo,Áncash,P061,Aire acondicionado LG 12000BTU,Climatización,24,15.83,3,852.36,1183.84
T24,CD-Trujillo,Áncash,P062,AC Samsung Inverter,Climatización,19,20.17,4,1421.77,1974.68
T24,CD-Trujillo,Áncash,P063,AC Midea 9000BTU,Climatización,44,18.0,4,788.03,1094.48
T24,CD-Trujillo,Áncash,P064,Ventilador de pie,Climatización,31,22.33,4,593.3,824.03
T24,CD-Trujillo,Áncash,P065,Ventilador de techo,Climatización,14,20.75,4,557.73,774.62
T24,CD-Trujillo,Áncash,P066,Calefactor eléctrico,Climatización,59,24.33,5,226.48,314.56
T24,CD-Trujillo,Áncash,P067,Humidificador,Climatización,16,17.25,3,1100.52,1528.5
T24,CD-Trujillo,Áncash,P068,Deshumidificador,Climatización,25,16.83,3,1018.57,1414.68
T24,CD-Trujillo,Áncash,P069,Purificador de aire Xiaomi,Climatización,1,19.83,4,823.35,1143.54
T24,CD-Trujillo,Áncash,P070,Climatizador evaporativo,Climatización,25,14.67,3,914.13,1269.63
T24,CD-Trujillo,Áncash,P071,Calefón a gas,Climatización,16,18.33,4,867.28,1204.56
T24,CD-Trujillo,Áncash,P072,Terma eléctrica,Climatización,30,18.33,4,1473.8,2046.94
T24,CD-Trujillo,Áncash,P073,Secadora de cabello Gama,Cuidado Personal,22,50.25,10,211.17,293.29
T24,CD-Trujillo,Áncash,P074,Plancha de cabello Babyliss,Cuidado Personal,32,51.67,10,344.28,478.17
T24,CD-Trujillo,Áncash,P075,Afeitadora Philips,Cuidado Personal,66,28.83,6,359.45,499.24
T24,CD-Trujillo,Áncash,P076,Cortadora de cabello Wahl,Cuidado Personal,51,21.75,4,545.37,757.46
T24,CD-Trujillo,Áncash,P077,Cepillo dental eléctrico,Cuidado Personal,16,39.67,8,534.62,742.53
T24,CD-Trujillo,Áncash,P078,Depiladora Braun,Cuidado Personal,57,52.08,10,386.95,537.43
T24,CD-Trujillo,Áncash,P079,Afeitadora Braun,Cuidado Personal,88,41.33,8,593.25,823.96
T24,CD-Trujillo,Áncash,P080,Espejo con luz LED,Cuidado Personal,36,39.83,8,548.46,761.75
T24,CD-Trujillo,Áncash,P081,Masajeador eléctrico,Cuidado Personal,111,46.75,9,244.56,339.66
T24,CD-Trujillo,Áncash,P082,Rizadora Conair,Cuidado Personal,34,28.75,6,598.89,831.79
T24,CD-Trujillo,Áncash,P083,Kit de manicura,Cuidado Personal,91,47.0,9,115.68,160.67
T24,CD-Trujillo,Áncash,P084,Balanza digital,Cuidado Personal,51,33.33,7,464.58,645.25
T24,CD-Trujillo,Áncash,P085,Cable HDMI 2m,Accesorios,21,34.83,7,521.11,723.77
T24,CD-Trujillo,Áncash,P086,Cable USB-C,Accesorios,9,32.83,7,361.76,502.44
T24,CD-Trujillo,Áncash,P087,Mouse inalámbrico,Accesorios,27,40.75,8,325.0,451.39
T24,CD-Trujillo,Áncash,P088,Teclado inalámbrico,Accesorios,19,37.5,8,627.49,871.52
T24,CD-Trujillo,Áncash,P089,Audífonos con micrófono,Accesorios,20,41.08,8,628.68,873.16
T24,CD-Trujillo,Áncash,P090,Soporte para TV,Accesorios,43,47.25,9,554.98,770.8
T24,CD-Trujillo,Áncash,P091,Regulador de voltaje,Accesorios,48,37.08,7,340.49,472.9
T24,CD-Trujillo,Áncash,P092,Estabilizador,Accesorios,57,38.92,8,95.56,132.72
T24,CD-Trujillo,Áncash,P093,UPS 1000VA,Accesorios,67,40.0,8,214.92,298.5
T24,CD-Trujillo,Áncash,P094,Hub USB multipuerto,Accesorios,41,42.92,9,351.87,488.71
T24,CD-Trujillo,Áncash,P095,Tarjeta SD 128GB,Accesorios,3,43.83,9,114.67,159.26
T24,CD-Trujillo,Áncash,P096,Memoria USB 64GB,Accesorios,95,48.0,10,498.95,692.99
T25,CD-Trujillo,Loreto,P001,Refrigeradora LG 340L,Línea Blanca,8,14.08,3,1932.38,2683.86
T25,CD-Trujillo,Loreto,P002,Refrigeradora Samsung 450L,Línea Blanca,19,10.17,2,2799.88,3888.72
T25,CD-Trujillo,Loreto,P003,Refrigeradora Bosch 280L,Línea Blanca,16,11.58,2,2491.98,3461.09
T25,CD-Trujillo,Loreto,P004,Lavadora LG 15kg,Línea Blanca,18,7.67,2,2478.23,3441.98
T25,CD-Trujillo,Loreto,P005,Lavadora Samsung 18kg,Línea Blanca,4,17.33,3,1363.49,1893.74
T25,CD-Trujillo,Loreto,P006,Lavadora Whirlpool 14kg,Línea Blanca,3,11.0,2,1461.59,2029.99
T25,CD-Trujillo,Loreto,P007,Secadora Electrolux 10kg,Línea Blanca,26,13.58,3,3192.27,4433.71
T25,CD-Trujillo,Loreto,P008,Cocina a gas Indurama 4H,Línea Blanca,11,18.17,4,3072.06,4266.75
T25,CD-Trujillo,Loreto,P009,Cocina eléctrica Mabe 4H,Línea Blanca,27,11.83,2,2777.0,3856.95
T25,CD-Trujillo,Loreto,P010,Campana extractora Bosch,Línea Blanca,8,9.5,2,3239.19,4498.87
T25,CD-Trujillo,Loreto,P011,Horno empotrado Electrolux,Línea Blanca,20,13.58,3,2084.28,2894.84
T25,CD-Trujillo,Loreto,P012,Lavaplatos Frigidaire,Línea Blanca,13,9.83,2,1045.34,1451.86
T25,CD-Trujillo,Loreto,P013,Smart TV LG 55,TV y Audio,8,12.17,2,1672.78,2323.3
T25,CD-Trujillo,Loreto,P014,Smart TV Samsung 65,TV y Audio,4,13.92,3,2188.5,3039.59
T25,CD-Trujillo,Loreto,P015,Smart TV Sony 75,TV y Audio,17,13.0,3,1558.08,2164.0
T25,CD-Trujillo,Loreto,P016,Smart TV TCL 50,TV y Audio,28,14.25,3,1950.9,2709.58
T25,CD-Trujillo,Loreto,P017,TV OLED LG 65,TV y Audio,25,12.67,3,2946.51,4092.37
T25,CD-Trujillo,Loreto,P018,Soundbar Samsung 5.1,TV y Audio,5,11.0,2,2536.65,3523.12
T25,CD-Trujillo,Loreto,P019,Soundbar JBL 2.1,TV y Audio,25,11.0,2,2235.96,3105.5
T25,CD-Trujillo,Loreto,P020,Home theater Sony,TV y Audio,30,14.25,3,922.78,1281.64
T25,CD-Trujillo,Loreto,P021,Parlante Bluetooth JBL,TV y Audio,7,9.5,2,2553.01,3545.85
T25,CD-Trujillo,Loreto,P022,Audífonos Sony WH-1000,TV y Audio,22,9.75,2,1727.78,2399.69
T25,CD-Trujillo,Loreto,P023,Barra Bose 900,TV y Audio,20,10.17,2,1867.19,2593.32
T25,CD-Trujillo,Loreto,P024,Receptor AV Yamaha,TV y Audio,10,10.67,2,1811.48,2515.95
T25,CD-Trujillo,Loreto,P025,Licuadora Oster 700W,Pequeños Electrodomésticos,58,45.0,9,403.41,560.29
T25,CD-Trujillo,Loreto,P026,Licuadora Philips 1000W,Pequeños Electrodomésticos,13,40.17,8,351.89,488.73
T25,CD-Trujillo,Loreto,P027,Microondas LG 32L,Pequeños Electrodomésticos,17,40.67,8,126.35,175.49
T25,CD-Trujillo,Loreto,P028,Microondas Panasonic 25L,Pequeños Electrodomésticos,8,46.17,9,356.55,495.21
T25,CD-Trujillo,Loreto,P029,Hervidor eléctrico Bosch,Pequeños Electrodomésticos,48,51.08,10,500.49,695.12
T25,CD-Trujillo,Loreto,P030,Cafetera DeLonghi,Pequeños Electrodomésticos,88,42.0,8,411.94,572.14
T25,CD-Trujillo,Loreto,P031,Freidora de aire Philips,Pequeños Electrodomésticos,6,40.08,8,347.51,482.65
T25,CD-Trujillo,Loreto,P032,Aspiradora Dyson V11,Pequeños Electrodomésticos,19,53.25,11,598.85,831.74
T25,CD-Trujillo,Loreto,P033,Plancha a vapor Rowenta,Pequeños Electrodomésticos,126,54.0,11,210.3,292.09
T25,CD-Trujillo,Loreto,P034,Batidora KitchenAid,Pequeños Electrodomésticos,52,45.33,9,305.55,424.37
T25,CD-Trujillo,Loreto,P035,Tostadora Oster,Pequeños Electrodomésticos,78,34.17,7,604.45,839.51
T25,CD-Trujillo,Loreto,P036,Purificador de agua,Pequeños Electrodomésticos,43,35.75,7,340.52,472.94
T25,CD-Trujillo,Loreto,P037,Laptop HP 15,Cómputo,16,11.58,2,2094.74,2909.36
T25,CD-Trujillo,Loreto,P038,Laptop Lenovo ThinkPad,Cómputo,17,11.08,2,924.29,1283.74
T25,CD-Trujillo,Loreto,P039,Laptop Asus VivoBook,Cómputo,17,12.5,2,1397.47,1940.93
T25,CD-Trujillo,Loreto,P040,Laptop Dell Inspiron,Cómputo,11,9.58,2,1170.5,1625.7
T25,CD-Trujillo,Loreto,P041,Monitor LG 27,Cómputo,15,12.42,2,980.16,1361.33
T25,CD-Trujillo,Loreto,P042,Monitor Samsung 24,Cómputo,31,13.92,3,2538.28,3525.39
T25,CD-Trujillo,Loreto,P043,Monitor BenQ 32,Cómputo,14,10.0,2,2971.09,4126.52
T25,CD-Trujillo,Loreto,P044,Impresora Epson EcoTank,Cómputo,15,10.83,2,1107.72,1538.5
T25,CD-Trujillo,Loreto,P045,Impresora HP LaserJet,Cómputo,3,9.67,2,2342.61,3253.62
T25,CD-Trujillo,Loreto,P046,All-in-one Dell,Cómputo,11,14.33,3,1980.81,2751.13
T25,CD-Trujillo,Loreto,P047,Mini PC Intel NUC,Cómputo,6,13.08,3,2009.5,2790.97
T25,CD-Trujillo,Loreto,P048,Teclado mecánico Logitech,Cómputo,27,13.25,3,1407.93,1955.46
T25,CD-Trujillo,Loreto,P049,Smartphone iPhone 15,Celulares y Tablets,5,8.58,2,3238.6,4498.05
T25,CD-Trujillo,Loreto,P050,Smartphone Samsung S24,Celulares y Tablets,13,13.17,3,2417.29,3357.35
T25,CD-Trujillo,Loreto,P051,Smartphone Xiaomi Redmi,Celulares y Tablets,6,14.25,3,1879.13,2609.9
T25,CD-Trujillo,Loreto,P052,Tablet iPad 10,Celulares y Tablets,33,13.75,3,1919.08,2665.39
T25,CD-Trujillo,Loreto,P053,Tablet Samsung Galaxy Tab,Celulares y Tablets,8,9.67,2,3376.54,4689.64
T25,CD-Trujillo,Loreto,P054,Smartwatch Apple Watch,Celulares y Tablets,19,12.75,3,3559.53,4943.79
T25,CD-Trujillo,Loreto,P055,Smartwatch Samsung Galaxy,Celulares y Tablets,8,9.58,2,2160.56,3000.78
T25,CD-Trujillo,Loreto,P056,Auriculares AirPods,Celulares y Tablets,26,11.33,2,2205.43,3063.1
T25,CD-Trujillo,Loreto,P057,Cargador inalámbrico,Celulares y Tablets,4,6.33,1,2553.78,3546.92
T25,CD-Trujillo,Loreto,P058,Funda protectora,Celulares y Tablets,11,14.67,3,1406.56,1953.56
T25,CD-Trujillo,Loreto,P059,Power bank Anker,Celulares y Tablets,16,12.17,2,2965.77,4119.13
T25,CD-Trujillo,Loreto,P060,Smartphone Motorola G84,Celulares y Tablets,1,15.42,3,2022.02,2808.36
T25,CD-Trujillo,Loreto,P061,Aire acondicionado LG 12000BTU,Climatización,19,19.92,4,852.36,1183.84
T25,CD-Trujillo,Loreto,P062,AC Samsung Inverter,Climatización,8,22.42,4,1421.77,1974.68
T25,CD-Trujillo,Loreto,P063,AC Midea 9000BTU,Climatización,36,19.58,4,788.03,1094.48
T25,CD-Trujillo,Loreto,P064,Ventilador de pie,Climatización,58,27.33,5,593.3,824.03
T25,CD-Trujillo,Loreto,P065,Ventilador de techo,Climatización,35,19.5,4,557.73,774.62
T25,CD-Trujillo,Loreto,P066,Calefactor eléctrico,Climatización,27,14.58,3,226.48,314.56
T25,CD-Trujillo,Loreto,P067,Humidificador,Climatización,9,16.58,3,1100.52,1528.5
T25,CD-Trujillo,Loreto,P068,Deshumidificador,Climatización,1,23.33,5,1018.57,1414.68
T25,CD-Trujillo,Loreto,P069,Purificador de aire Xiaomi,Climatización,15,19.25,4,823.35,1143.54
T25,CD-Trujillo,Loreto,P070,Climatizador evaporativo,Climatización,19,14.92,3,914.13,1269.63
T25,CD-Trujillo,Loreto,P071,Calefón a gas,Climatización,5,19.92,4,867.28,1204.56
T25,CD-Trujillo,Loreto,P072,Terma eléctrica,Climatización,33,14.83,3,1473.8,2046.94
T25,CD-Trujillo,Loreto,P073,Secadora de cabello Gama,Cuidado Personal,10,37.25,7,211.17,293.29
T25,CD-Trujillo,Loreto,P074,Plancha de cabello Babyliss,Cuidado Personal,35,35.08,7,344.28,478.17
T25,CD-Trujillo,Loreto,P075,Afeitadora Philips,Cuidado Personal,25,37.75,8,359.45,499.24
T25,CD-Trujillo,Loreto,P076,Cortadora de cabello Wahl,Cuidado Personal,87,45.67,9,545.37,757.46
T25,CD-Trujillo,Loreto,P077,Cepillo dental eléctrico,Cuidado Personal,13,29.25,6,534.62,742.53
T25,CD-Trujillo,Loreto,P078,Depiladora Braun,Cuidado Personal,61,27.33,5,386.95,537.43
T25,CD-Trujillo,Loreto,P079,Afeitadora Braun,Cuidado Personal,87,39.42,8,593.25,823.96
T25,CD-Trujillo,Loreto,P080,Espejo con luz LED,Cuidado Personal,9,33.83,7,548.46,761.75
T25,CD-Trujillo,Loreto,P081,Masajeador eléctrico,Cuidado Personal,58,47.25,9,244.56,339.66
T25,CD-Trujillo,Loreto,P082,Rizadora Conair,Cuidado Personal,24,48.92,10,598.89,831.79
T25,CD-Trujillo,Loreto,P083,Kit de manicura,Cuidado Personal,1,39.42,8,115.68,160.67
T25,CD-Trujillo,Loreto,P084,Balanza digital,Cuidado Personal,79,46.5,9,464.58,645.25
T25,CD-Trujillo,Loreto,P085,Cable HDMI 2m,Accesorios,3,45.17,9,521.11,723.77
T25,CD-Trujillo,Loreto,P086,Cable USB-C,Accesorios,19,40.42,8,361.76,502.44
T25,CD-Trujillo,Loreto,P087,Mouse inalámbrico,Accesorios,79,41.25,8,325.0,451.39
T25,CD-Trujillo,Loreto,P088,Teclado inalámbrico,Accesorios,14,42.42,8,627.49,871.52
T25,CD-Trujillo,Loreto,P089,Audífonos con micrófono,Accesorios,28,39.33,8,628.68,873.16
T25,CD-Trujillo,Loreto,P090,Soporte para TV,Accesorios,20,45.33,9,554.98,770.8
T25,CD-Trujillo,Loreto,P091,Regulador de voltaje,Accesorios,51,39.33,8,340.49,472.9
T25,CD-Trujillo,Loreto,P092,Estabilizador,Accesorios,59,36.25,7,95.56,132.72
T25,CD-Trujillo,Loreto,P093,UPS 1000VA,Accesorios,68,50.0,10,214.92,298.5
T25,CD-Trujillo,Loreto,P094,Hub USB multipuerto,Accesorios,45,36.83,7,351.87,488.71
T25,CD-Trujillo,Loreto,P095,Tarjeta SD 128GB,Accesorios,113,46.08,9,114.67,159.26
T25,CD-Trujillo,Loreto,P096,Memoria USB 64GB,Accesorios,41,41.25,8,498.95,692.99
